source_zip,package,filename,kind,size_bytes
Client_REFERENCE_source-only_20260625_1447(4).zip,AccountingPackage,AccountingPackage.bpl,active,1445888
Client_REFERENCE_source-only_20260625_1447(4).zip,AccountingPackage,AccountingPackage.bpl_bak,backup,1424384
Client_REFERENCE_source-only_20260625_1447(4).zip,AddOns,AddOns.bpl,active,39424
Client_REFERENCE_source-only_20260625_1447(4).zip,adortl200,adortl200.bpl,active,232312
Client_REFERENCE_source-only_20260625_1447(4).zip,adortl250,adortl250.bpl,active,233840
Client_REFERENCE_source-only_20260625_1447(4).zip,adortl250,adortl250.bpl_bak,backup,233840
Client_REFERENCE_source-only_20260625_1447(4).zip,adortl280,adortl280.bpl,active,254880
Client_REFERENCE_source-only_20260625_1447(4).zip,adortl280,adortl280.bpl_bak,backup,254880
Client_REFERENCE_source-only_20260625_1447(4).zip,adortl290,adortl290.bpl,active,241640
Client_REFERENCE_source-only_20260625_1447(4).zip,adortl290,adortl290.bpl_bak,backup,241640
Client_REFERENCE_source-only_20260625_1447(4).zip,adortl70,adortl70.bpl,active,149504
Client_REFERENCE_source-only_20260625_1447(4).zip,AdvancedPackage,AdvancedPackage.bpl,active,7680
Client_REFERENCE_source-only_20260625_1447(4).zip,BasePackage,BasePackage.bpl,active,6876672
Client_REFERENCE_source-only_20260625_1447(4).zip,BasePackage,BasePackage.bpl_bak,backup,6869504
Client_REFERENCE_source-only_20260625_1447(4).zip,bdertl200,bdertl200.bpl,active,359288
Client_REFERENCE_source-only_20260625_1447(4).zip,bdertl250,bdertl250.bpl,active,354304
Client_REFERENCE_source-only_20260625_1447(4).zip,bdertl250,bdertl250.bpl_bak,backup,354304
Client_REFERENCE_source-only_20260625_1447(4).zip,bdertl280,bdertl280.bpl,active,362400
Client_REFERENCE_source-only_20260625_1447(4).zip,bdertl280,bdertl280.bpl_bak,backup,362400
Client_REFERENCE_source-only_20260625_1447(4).zip,bdertl290,bdertl290.bpl,active,363936
Client_REFERENCE_source-only_20260625_1447(4).zip,bdertl290,bdertl290.bpl_bak,backup,363936
Client_REFERENCE_source-only_20260625_1447(4).zip,bdertl70,bdertl70.bpl,active,222208
Client_REFERENCE_source-only_20260625_1447(4).zip,bindcomp200,bindcomp200.bpl,active,2633592
Client_REFERENCE_source-only_20260625_1447(4).zip,bindcomp200,bindcomp200.bpl_bak,backup,2633592
Client_REFERENCE_source-only_20260625_1447(4).zip,bindcomp250,bindcomp250.bpl,active,2596720
Client_REFERENCE_source-only_20260625_1447(4).zip,bindcomp250,bindcomp250.bpl_bak,backup,2596720
Client_REFERENCE_source-only_20260625_1447(4).zip,bindcomp280,bindcomp280.bpl,active,2281888
Client_REFERENCE_source-only_20260625_1447(4).zip,bindcomp280,bindcomp280.bpl_bak,backup,2281888
Client_REFERENCE_source-only_20260625_1447(4).zip,bindcomp290,bindcomp290.bpl,active,2309608
Client_REFERENCE_source-only_20260625_1447(4).zip,bindcomp290,bindcomp290.bpl_bak,backup,2309608
Client_REFERENCE_source-only_20260625_1447(4).zip,bindengine200,bindengine200.bpl,active,1774456
Client_REFERENCE_source-only_20260625_1447(4).zip,bindengine200,bindengine200.bpl_bak,backup,1774456
Client_REFERENCE_source-only_20260625_1447(4).zip,bindengine250,bindengine250.bpl,active,1600880
Client_REFERENCE_source-only_20260625_1447(4).zip,bindengine250,bindengine250.bpl_bak,backup,1600880
Client_REFERENCE_source-only_20260625_1447(4).zip,bindengine280,bindengine280.bpl,active,1297824
Client_REFERENCE_source-only_20260625_1447(4).zip,bindengine280,bindengine280.bpl_bak,backup,1297824
Client_REFERENCE_source-only_20260625_1447(4).zip,bindengine290,bindengine290.bpl,active,1313768
Client_REFERENCE_source-only_20260625_1447(4).zip,bindengine290,bindengine290.bpl_bak,backup,1313768
Client_REFERENCE_source-only_20260625_1447(4).zip,CommercePackage,CommercePackage.bpl,active,205824
Client_REFERENCE_source-only_20260625_1447(4).zip,CommercePackage,CommercePackage.bpl_bak,backup,205824
Client_REFERENCE_source-only_20260625_1447(4).zip,CPortLibDXE,CPortLibDXE.bpl,active,298496
Client_REFERENCE_source-only_20260625_1447(4).zip,CPortLibDXE,CPortLibDXE.bpl_bak,backup,296960
Client_REFERENCE_source-only_20260625_1447(4).zip,CRMPackage,CRMPackage.bpl,active,599040
Client_REFERENCE_source-only_20260625_1447(4).zip,CRMPackage,CRMPackage.bpl_bak,backup,599040
Client_REFERENCE_source-only_20260625_1447(4).zip,CustomIPTransport200,CustomIPTransport200.bpl,active,227192
Client_REFERENCE_source-only_20260625_1447(4).zip,CustomIPTransport250,CustomIPTransport250.bpl,active,221552
Client_REFERENCE_source-only_20260625_1447(4).zip,CustomIPTransport250,CustomIPTransport250.bpl_bak,backup,221552
Client_REFERENCE_source-only_20260625_1447(4).zip,CustomIPTransport280,CustomIPTransport280.bpl,active,143776
Client_REFERENCE_source-only_20260625_1447(4).zip,CustomIPTransport280,CustomIPTransport280.bpl_bak,backup,143776
Client_REFERENCE_source-only_20260625_1447(4).zip,CustomIPTransport290,CustomIPTransport290.bpl,active,145896
Client_REFERENCE_source-only_20260625_1447(4).zip,CustomIPTransport290,CustomIPTransport290.bpl_bak,backup,145896
Client_REFERENCE_source-only_20260625_1447(4).zip,CustomPackage,CustomPackage.bpl,active,1448960
Client_REFERENCE_source-only_20260625_1447(4).zip,CustomPackage,CustomPackage.bpl_bak,backup,1443840
Client_REFERENCE_source-only_20260625_1447(4).zip,cxDataRS25,cxDataRS25.bpl,active,683520
Client_REFERENCE_source-only_20260625_1447(4).zip,cxDataRS25,cxDataRS25.bpl_bak,backup,683520
Client_REFERENCE_source-only_20260625_1447(4).zip,cxEditorsRS25,cxEditorsRS25.bpl,active,5798912
Client_REFERENCE_source-only_20260625_1447(4).zip,cxEditorsRS25,cxEditorsRS25.bpl_bak,backup,5798912
Client_REFERENCE_source-only_20260625_1447(4).zip,cxExportRS25,cxExportRS25.bpl,active,339456
Client_REFERENCE_source-only_20260625_1447(4).zip,cxExportRS25,cxExportRS25.bpl_bak,backup,339456
Client_REFERENCE_source-only_20260625_1447(4).zip,cxLibraryRS25,cxLibraryRS25.bpl,active,4028416
Client_REFERENCE_source-only_20260625_1447(4).zip,cxLibraryRS25,cxLibraryRS25.bpl_bak,backup,4028416
Client_REFERENCE_source-only_20260625_1447(4).zip,cxPageControlRS25,cxPageControlRS25.bpl,active,428544
Client_REFERENCE_source-only_20260625_1447(4).zip,cxPageControlRS25,cxPageControlRS25.bpl_bak,backup,428544
Client_REFERENCE_source-only_20260625_1447(4).zip,cxSchedulerRibbonStyleEventEditorRS25,cxSchedulerRibbonStyleEventEditorRS25.bpl,active,151552
Client_REFERENCE_source-only_20260625_1447(4).zip,cxSchedulerRibbonStyleEventEditorRS25,cxSchedulerRibbonStyleEventEditorRS25.bpl_bak,backup,151552
Client_REFERENCE_source-only_20260625_1447(4).zip,cxSchedulerRS25,cxSchedulerRS25.bpl,active,2773504
Client_REFERENCE_source-only_20260625_1447(4).zip,cxSchedulerRS25,cxSchedulerRS25.bpl_bak,backup,2773504
Client_REFERENCE_source-only_20260625_1447(4).zip,cxSchedulerTreeBrowserRS25,cxSchedulerTreeBrowserRS25.bpl,active,136192
Client_REFERENCE_source-only_20260625_1447(4).zip,cxSchedulerTreeBrowserRS25,cxSchedulerTreeBrowserRS25.bpl_bak,backup,136192
Client_REFERENCE_source-only_20260625_1447(4).zip,cxTreeListRS25,cxTreeListRS25.bpl,active,1060352
Client_REFERENCE_source-only_20260625_1447(4).zip,cxTreeListRS25,cxTreeListRS25.bpl_bak,backup,1060352
Client_REFERENCE_source-only_20260625_1447(4).zip,DataSnapClient200,DataSnapClient200.bpl,active,811896
Client_REFERENCE_source-only_20260625_1447(4).zip,DataSnapClient250,DataSnapClient250.bpl,active,770416
Client_REFERENCE_source-only_20260625_1447(4).zip,DataSnapClient250,DataSnapClient250.bpl_bak,backup,770416
Client_REFERENCE_source-only_20260625_1447(4).zip,DataSnapClient280,DataSnapClient280.bpl,active,633248
Client_REFERENCE_source-only_20260625_1447(4).zip,DataSnapClient280,DataSnapClient280.bpl_bak,backup,633248
Client_REFERENCE_source-only_20260625_1447(4).zip,DataSnapClient290,DataSnapClient290.bpl,active,638440
Client_REFERENCE_source-only_20260625_1447(4).zip,DataSnapClient290,DataSnapClient290.bpl_bak,backup,638440
Client_REFERENCE_source-only_20260625_1447(4).zip,DataSnapCommon200,DataSnapCommon200.bpl,active,290168
Client_REFERENCE_source-only_20260625_1447(4).zip,DataSnapCommon250,DataSnapCommon250.bpl,active,283504
Client_REFERENCE_source-only_20260625_1447(4).zip,DataSnapCommon250,DataSnapCommon250.bpl_bak,backup,283504
Client_REFERENCE_source-only_20260625_1447(4).zip,DataSnapCommon280,DataSnapCommon280.bpl,active,208288
Client_REFERENCE_source-only_20260625_1447(4).zip,DataSnapCommon280,DataSnapCommon280.bpl_bak,backup,208288
Client_REFERENCE_source-only_20260625_1447(4).zip,DataSnapCommon290,DataSnapCommon290.bpl,active,210408
Client_REFERENCE_source-only_20260625_1447(4).zip,DataSnapCommon290,DataSnapCommon290.bpl_bak,backup,210408
Client_REFERENCE_source-only_20260625_1447(4).zip,DataSnapProviderClient250,DataSnapProviderClient250.bpl,active,43888
Client_REFERENCE_source-only_20260625_1447(4).zip,DataSnapProviderClient250,DataSnapProviderClient250.bpl_bak,backup,43888
Client_REFERENCE_source-only_20260625_1447(4).zip,DataSnapProviderClient280,DataSnapProviderClient280.bpl,active,44448
Client_REFERENCE_source-only_20260625_1447(4).zip,DataSnapProviderClient280,DataSnapProviderClient280.bpl_bak,backup,44448
Client_REFERENCE_source-only_20260625_1447(4).zip,DataSnapProviderClient290,DataSnapProviderClient290.bpl,active,46056
Client_REFERENCE_source-only_20260625_1447(4).zip,DataSnapProviderClient290,DataSnapProviderClient290.bpl_bak,backup,46056
Client_REFERENCE_source-only_20260625_1447(4).zip,DataSnapServer250,DataSnapServer250.bpl,active,1287536
Client_REFERENCE_source-only_20260625_1447(4).zip,DataSnapServer250,DataSnapServer250.bpl_bak,backup,1287536
Client_REFERENCE_source-only_20260625_1447(4).zip,DataSnapServer280,DataSnapServer280.bpl,active,1164704
Client_REFERENCE_source-only_20260625_1447(4).zip,DataSnapServer280,DataSnapServer280.bpl_bak,backup,1164704
Client_REFERENCE_source-only_20260625_1447(4).zip,DataSnapServer290,DataSnapServer290.bpl,active,1173480
Client_REFERENCE_source-only_20260625_1447(4).zip,DataSnapServer290,DataSnapServer290.bpl_bak,backup,1173480
Client_REFERENCE_source-only_20260625_1447(4).zip,DBDateTimePickerPack_XE10,DBDateTimePickerPack_XE10.bpl,active,38912
Client_REFERENCE_source-only_20260625_1447(4).zip,DBDateTimePickerPack_XE10,DBDateTimePickerPack_XE10.bpl_bak,backup,38912
Client_REFERENCE_source-only_20260625_1447(4).zip,DBDateTimePickerPack_XE6,DBDateTimePickerPack_XE6.bpl,active,37376
Client_REFERENCE_source-only_20260625_1447(4).zip,dbexpress200,dbexpress200.bpl,active,326008
Client_REFERENCE_source-only_20260625_1447(4).zip,dbexpress250,dbexpress250.bpl,active,313712
Client_REFERENCE_source-only_20260625_1447(4).zip,dbexpress250,dbexpress250.bpl_bak,backup,313712
Client_REFERENCE_source-only_20260625_1447(4).zip,dbexpress280,dbexpress280.bpl,active,316832
Client_REFERENCE_source-only_20260625_1447(4).zip,dbexpress280,dbexpress280.bpl_bak,backup,316832
Client_REFERENCE_source-only_20260625_1447(4).zip,dbexpress290,dbexpress290.bpl,active,321512
Client_REFERENCE_source-only_20260625_1447(4).zip,dbexpress290,dbexpress290.bpl_bak,backup,321512
Client_REFERENCE_source-only_20260625_1447(4).zip,dbexpress70,dbexpress70.bpl,active,131584
Client_REFERENCE_source-only_20260625_1447(4).zip,dbinsppkgd7,dbinsppkgd7.bpl,active,82432
Client_REFERENCE_source-only_20260625_1447(4).zip,dbrtl200,dbrtl200.bpl,active,654200
Client_REFERENCE_source-only_20260625_1447(4).zip,dbrtl250,dbrtl250.bpl,active,678256
Client_REFERENCE_source-only_20260625_1447(4).zip,dbrtl250,dbrtl250.bpl_bak,backup,678256
Client_REFERENCE_source-only_20260625_1447(4).zip,dbrtl280,dbrtl280.bpl,active,711072
Client_REFERENCE_source-only_20260625_1447(4).zip,dbrtl280,dbrtl280.bpl_bak,backup,711072
Client_REFERENCE_source-only_20260625_1447(4).zip,dbrtl290,dbrtl290.bpl,active,722408
Client_REFERENCE_source-only_20260625_1447(4).zip,dbrtl290,dbrtl290.bpl_bak,backup,722408
Client_REFERENCE_source-only_20260625_1447(4).zip,dbrtl70,dbrtl70.bpl,active,258560
Client_REFERENCE_source-only_20260625_1447(4).zip,dbxcds280,dbxcds280.bpl,active,85920
Client_REFERENCE_source-only_20260625_1447(4).zip,dbxcds280,dbxcds280.bpl_bak,backup,85920
Client_REFERENCE_source-only_20260625_1447(4).zip,dbxcds290,dbxcds290.bpl,active,88040
Client_REFERENCE_source-only_20260625_1447(4).zip,dbxcds290,dbxcds290.bpl_bak,backup,88040
Client_REFERENCE_source-only_20260625_1447(4).zip,DBXClientDriver200,DBXClientDriver200.bpl,active,499576
Client_REFERENCE_source-only_20260625_1447(4).zip,DBXClientDriver250,DBXClientDriver250.bpl,active,507248
Client_REFERENCE_source-only_20260625_1447(4).zip,DBXClientDriver250,DBXClientDriver250.bpl_bak,backup,507248
Client_REFERENCE_source-only_20260625_1447(4).zip,DBXClientDriver280,DBXClientDriver280.bpl,active,439200
Client_REFERENCE_source-only_20260625_1447(4).zip,DBXClientDriver280,DBXClientDriver280.bpl_bak,backup,439200
Client_REFERENCE_source-only_20260625_1447(4).zip,DBXClientDriver290,DBXClientDriver290.bpl,active,441832
Client_REFERENCE_source-only_20260625_1447(4).zip,DBXClientDriver290,DBXClientDriver290.bpl_bak,backup,441832
Client_REFERENCE_source-only_20260625_1447(4).zip,DBXCommonDriver200,DBXCommonDriver200.bpl,active,2372472
Client_REFERENCE_source-only_20260625_1447(4).zip,DbxCommonDriver250,DbxCommonDriver250.bpl,active,2302320
Client_REFERENCE_source-only_20260625_1447(4).zip,DbxCommonDriver250,DbxCommonDriver250.bpl_bak,backup,2302320
Client_REFERENCE_source-only_20260625_1447(4).zip,DBXCommonDriver280,DBXCommonDriver280.bpl,active,1974688
Client_REFERENCE_source-only_20260625_1447(4).zip,DBXCommonDriver280,DBXCommonDriver280.bpl_bak,backup,1974688
Client_REFERENCE_source-only_20260625_1447(4).zip,DBXCommonDriver290,DBXCommonDriver290.bpl,active,1961960
Client_REFERENCE_source-only_20260625_1447(4).zip,DBXCommonDriver290,DBXCommonDriver290.bpl_bak,backup,1961960
Client_REFERENCE_source-only_20260625_1447(4).zip,DCLSer70,DCLSer70.bpl,active,26624
Client_REFERENCE_source-only_20260625_1447(4).zip,dclusr70,dclusr70.bpl,active,7680
Client_REFERENCE_source-only_20260625_1447(4).zip,ddmMid10,ddmMid10.bpl,active,4603904
Client_REFERENCE_source-only_20260625_1447(4).zip,ddmMid10_XE10,ddmMid10_XE10.bpl,active,140800
Client_REFERENCE_source-only_20260625_1447(4).zip,ddmMid10_XE10,ddmMid10_XE10.bpl_bak,backup,140800
Client_REFERENCE_source-only_20260625_1447(4).zip,ddmMid10_XE6,ddmMid10_XE6.bpl,active,116224
Client_REFERENCE_source-only_20260625_1447(4).zip,designide200,designide200.bpl,active,1603448
Client_REFERENCE_source-only_20260625_1447(4).zip,designide250,designide250.bpl,active,2008432
Client_REFERENCE_source-only_20260625_1447(4).zip,designide250,designide250.bpl_bak,backup,2008432
Client_REFERENCE_source-only_20260625_1447(4).zip,designide280,designide280.bpl,active,2004896
Client_REFERENCE_source-only_20260625_1447(4).zip,designide280,designide280.bpl_bak,backup,2004896
Client_REFERENCE_source-only_20260625_1447(4).zip,designide290,designide290.bpl,active,2114536
Client_REFERENCE_source-only_20260625_1447(4).zip,designide290,designide290.bpl_bak,backup,2114536
Client_REFERENCE_source-only_20260625_1447(4).zip,designide70,designide70.bpl,active,625664
Client_REFERENCE_source-only_20260625_1447(4).zip,designideresources280,designideresources280.bpl,active,7617952
Client_REFERENCE_source-only_20260625_1447(4).zip,designideresources280,designideresources280.bpl_bak,backup,7617952
Client_REFERENCE_source-only_20260625_1447(4).zip,designideresources290,designideresources290.bpl,active,7752680
Client_REFERENCE_source-only_20260625_1447(4).zip,designideresources290,designideresources290.bpl_bak,backup,7752680
Client_REFERENCE_source-only_20260625_1447(4).zip,DevicePackage,DevicePackage.bpl,active,173568
Client_REFERENCE_source-only_20260625_1447(4).zip,DevicePackage,DevicePackage.bpl_bak,backup,173568
Client_REFERENCE_source-only_20260625_1447(4).zip,dipstudiowin280,dipstudiowin280.bpl,active,432640
Client_REFERENCE_source-only_20260625_1447(4).zip,dipstudiowin280,dipstudiowin280.bpl_bak,backup,432640
Client_REFERENCE_source-only_20260625_1447(4).zip,dipstudiowindataset280,dipstudiowindataset280.bpl,active,38400
Client_REFERENCE_source-only_20260625_1447(4).zip,dipstudiowindataset280,dipstudiowindataset280.bpl_bak,backup,38400
Client_REFERENCE_source-only_20260625_1447(4).zip,DsgnCPortDXE,DsgnCPortDXE.bpl,active,151552
Client_REFERENCE_source-only_20260625_1447(4).zip,DsgnCPortDXE,DsgnCPortDXE.bpl_bak,backup,151552
Client_REFERENCE_source-only_20260625_1447(4).zip,dsnap200,dsnap200.bpl,active,416120
Client_REFERENCE_source-only_20260625_1447(4).zip,dsnap250,dsnap250.bpl,active,410480
Client_REFERENCE_source-only_20260625_1447(4).zip,dsnap250,dsnap250.bpl_bak,backup,410480
Client_REFERENCE_source-only_20260625_1447(4).zip,dsnap280,dsnap280.bpl,active,417696
Client_REFERENCE_source-only_20260625_1447(4).zip,dsnap280,dsnap280.bpl_bak,backup,417696
Client_REFERENCE_source-only_20260625_1447(4).zip,dsnap290,dsnap290.bpl,active,423912
Client_REFERENCE_source-only_20260625_1447(4).zip,dsnap290,dsnap290.bpl_bak,backup,423912
Client_REFERENCE_source-only_20260625_1447(4).zip,dsnap70,dsnap70.bpl,active,209408
Client_REFERENCE_source-only_20260625_1447(4).zip,dsnapcon200,dsnapcon200.bpl,active,135544
Client_REFERENCE_source-only_20260625_1447(4).zip,dsnapcon250,dsnapcon250.bpl,active,136560
Client_REFERENCE_source-only_20260625_1447(4).zip,dsnapcon250,dsnapcon250.bpl_bak,backup,136560
Client_REFERENCE_source-only_20260625_1447(4).zip,dsnapcon280,dsnapcon280.bpl,active,137632
Client_REFERENCE_source-only_20260625_1447(4).zip,dsnapcon280,dsnapcon280.bpl_bak,backup,137632
Client_REFERENCE_source-only_20260625_1447(4).zip,dsnapcon290,dsnapcon290.bpl,active,139240
Client_REFERENCE_source-only_20260625_1447(4).zip,dsnapcon290,dsnapcon290.bpl_bak,backup,139240
Client_REFERENCE_source-only_20260625_1447(4).zip,dsnapcon70,dsnapcon70.bpl,active,101888
Client_REFERENCE_source-only_20260625_1447(4).zip,dxBarExtItemsRS25,dxBarExtItemsRS25.bpl,active,241664
Client_REFERENCE_source-only_20260625_1447(4).zip,dxBarExtItemsRS25,dxBarExtItemsRS25.bpl_bak,backup,241664
Client_REFERENCE_source-only_20260625_1447(4).zip,dxBarRS25,dxBarRS25.bpl,active,1806848
Client_REFERENCE_source-only_20260625_1447(4).zip,dxBarRS25,dxBarRS25.bpl_bak,backup,1806848
Client_REFERENCE_source-only_20260625_1447(4).zip,dxComnRS25,dxComnRS25.bpl,active,56832
Client_REFERENCE_source-only_20260625_1447(4).zip,dxComnRS25,dxComnRS25.bpl_bak,backup,56832
Client_REFERENCE_source-only_20260625_1447(4).zip,dxCoreRS25,dxCoreRS25.bpl,active,1500160
Client_REFERENCE_source-only_20260625_1447(4).zip,dxCoreRS25,dxCoreRS25.bpl_bak,backup,1500160
Client_REFERENCE_source-only_20260625_1447(4).zip,dxGDIPlusRS25,dxGDIPlusRS25.bpl,active,339456
Client_REFERENCE_source-only_20260625_1447(4).zip,dxGDIPlusRS25,dxGDIPlusRS25.bpl_bak,backup,339456
Client_REFERENCE_source-only_20260625_1447(4).zip,dxLayoutControlRS25,dxLayoutControlRS25.bpl,active,985600
Client_REFERENCE_source-only_20260625_1447(4).zip,dxLayoutControlRS25,dxLayoutControlRS25.bpl_bak,backup,985600
Client_REFERENCE_source-only_20260625_1447(4).zip,dxOfficeCoreRS25,dxOfficeCoreRS25.bpl,active,762880
Client_REFERENCE_source-only_20260625_1447(4).zip,dxOfficeCoreRS25,dxOfficeCoreRS25.bpl_bak,backup,762880
Client_REFERENCE_source-only_20260625_1447(4).zip,dxRibbonRS25,dxRibbonRS25.bpl,active,2514432
Client_REFERENCE_source-only_20260625_1447(4).zip,dxRibbonRS25,dxRibbonRS25.bpl_bak,backup,2514432
Client_REFERENCE_source-only_20260625_1447(4).zip,dxSkinsCoreRS25,dxSkinsCoreRS25.bpl,active,768512
Client_REFERENCE_source-only_20260625_1447(4).zip,dxSkinsCoreRS25,dxSkinsCoreRS25.bpl_bak,backup,768512
Client_REFERENCE_source-only_20260625_1447(4).zip,dxSpreadSheetCoreDialogsRS25,dxSpreadSheetCoreDialogsRS25.bpl,active,370688
Client_REFERENCE_source-only_20260625_1447(4).zip,dxSpreadSheetCoreDialogsRS25,dxSpreadSheetCoreDialogsRS25.bpl_bak,backup,370688
Client_REFERENCE_source-only_20260625_1447(4).zip,dxSpreadSheetCoreRS25,dxSpreadSheetCoreRS25.bpl,active,2003456
Client_REFERENCE_source-only_20260625_1447(4).zip,dxSpreadSheetCoreRS25,dxSpreadSheetCoreRS25.bpl_bak,backup,2003456
Client_REFERENCE_source-only_20260625_1447(4).zip,dxSpreadSheetRS25,dxSpreadSheetRS25.bpl,active,5949952
Client_REFERENCE_source-only_20260625_1447(4).zip,dxSpreadSheetRS25,dxSpreadSheetRS25.bpl_bak,backup,5949952
Client_REFERENCE_source-only_20260625_1447(4).zip,dxThemeRS25,dxThemeRS25.bpl,active,45056
Client_REFERENCE_source-only_20260625_1447(4).zip,dxThemeRS25,dxThemeRS25.bpl_bak,backup,45056
Client_REFERENCE_source-only_20260625_1447(4).zip,dxTileControlRS25,dxTileControlRS25.bpl,active,587776
Client_REFERENCE_source-only_20260625_1447(4).zip,dxTileControlRS25,dxTileControlRS25.bpl_bak,backup,587776
Client_REFERENCE_source-only_20260625_1447(4).zip,elpackD7,elpackD7.BPL,active,577024
Client_REFERENCE_source-only_20260625_1447(4).zip,ESDBGrid60,ESDBGrid60.bpl,active,136192
Client_REFERENCE_source-only_20260625_1447(4).zip,FixedAssetPackage,FixedAssetPackage.bpl,active,249344
Client_REFERENCE_source-only_20260625_1447(4).zip,FixedAssetPackage,FixedAssetPackage.bpl_bak,backup,249344
Client_REFERENCE_source-only_20260625_1447(4).zip,FloatingWindow_XE6,FloatingWindow_XE6.bpl,active,47104
Client_REFERENCE_source-only_20260625_1447(4).zip,frControlsLibrary29,frControlsLibrary29.bpl,active,367104
Client_REFERENCE_source-only_20260625_1447(4).zip,frControlsLibrary29,frControlsLibrary29.bpl_bak,backup,367104
Client_REFERENCE_source-only_20260625_1447(4).zip,frCoreLibrary29,frCoreLibrary29.bpl,active,238080
Client_REFERENCE_source-only_20260625_1447(4).zip,frCoreLibrary29,frCoreLibrary29.bpl_bak,backup,238080
Client_REFERENCE_source-only_20260625_1447(4).zip,frDataLibrary29,frDataLibrary29.bpl,active,10240
Client_REFERENCE_source-only_20260625_1447(4).zip,frDataLibrary29,frDataLibrary29.bpl_bak,backup,10240
Client_REFERENCE_source-only_20260625_1447(4).zip,frGraphicsLibrary29,frGraphicsLibrary29.bpl,active,858624
Client_REFERENCE_source-only_20260625_1447(4).zip,frGraphicsLibrary29,frGraphicsLibrary29.bpl_bak,backup,858624
Client_REFERENCE_source-only_20260625_1447(4).zip,frLocalizationLibrary29,frLocalizationLibrary29.bpl,active,272896
Client_REFERENCE_source-only_20260625_1447(4).zip,frLocalizationLibrary29,frLocalizationLibrary29.bpl_bak,backup,272896
Client_REFERENCE_source-only_20260625_1447(4).zip,frx25,frx25.bpl,active,3638272
Client_REFERENCE_source-only_20260625_1447(4).zip,frx25,frx25.bpl_bak,backup,3638272
Client_REFERENCE_source-only_20260625_1447(4).zip,frx28,frx28.bpl,active,4326400
Client_REFERENCE_source-only_20260625_1447(4).zip,frx28,frx28.bpl_bak,backup,4326400
Client_REFERENCE_source-only_20260625_1447(4).zip,frx29,frx29.bpl,active,4075520
Client_REFERENCE_source-only_20260625_1447(4).zip,frx29,frx29.bpl_bak,backup,4075520
Client_REFERENCE_source-only_20260625_1447(4).zip,frxDB25,frxDB25.bpl,active,155136
Client_REFERENCE_source-only_20260625_1447(4).zip,frxDB25,frxDB25.bpl_bak,backup,155136
Client_REFERENCE_source-only_20260625_1447(4).zip,frxDB28,frxDB28.bpl,active,160768
Client_REFERENCE_source-only_20260625_1447(4).zip,frxDB28,frxDB28.bpl_bak,backup,160768
Client_REFERENCE_source-only_20260625_1447(4).zip,frxDB29,frxDB29.bpl,active,180736
Client_REFERENCE_source-only_20260625_1447(4).zip,frxDB29,frxDB29.bpl_bak,backup,180736
Client_REFERENCE_source-only_20260625_1447(4).zip,frxe25,frxe25.bpl,active,1416192
Client_REFERENCE_source-only_20260625_1447(4).zip,frxe25,frxe25.bpl_bak,backup,1416192
Client_REFERENCE_source-only_20260625_1447(4).zip,frxe28,frxe28.bpl,active,1599488
Client_REFERENCE_source-only_20260625_1447(4).zip,frxe28,frxe28.bpl_bak,backup,1599488
Client_REFERENCE_source-only_20260625_1447(4).zip,frxe29,frxe29.bpl,active,1590784
Client_REFERENCE_source-only_20260625_1447(4).zip,frxe29,frxe29.bpl_bak,backup,1590784
Client_REFERENCE_source-only_20260625_1447(4).zip,frxSM29,frxSM29.bpl,active,67584
Client_REFERENCE_source-only_20260625_1447(4).zip,frxSM29,frxSM29.bpl_bak,backup,67584
Client_REFERENCE_source-only_20260625_1447(4).zip,fs25,fs25.bpl,active,492032
Client_REFERENCE_source-only_20260625_1447(4).zip,fs25,fs25.bpl_bak,backup,492032
Client_REFERENCE_source-only_20260625_1447(4).zip,fs28,fs28.bpl,active,495616
Client_REFERENCE_source-only_20260625_1447(4).zip,fs28,fs28.bpl_bak,backup,495616
Client_REFERENCE_source-only_20260625_1447(4).zip,fs29,fs29.bpl,active,466432
Client_REFERENCE_source-only_20260625_1447(4).zip,fs29,fs29.bpl_bak,backup,466432
Client_REFERENCE_source-only_20260625_1447(4).zip,fsDB25,fsDB25.bpl,active,62464
Client_REFERENCE_source-only_20260625_1447(4).zip,fsDB25,fsDB25.bpl_bak,backup,62464
Client_REFERENCE_source-only_20260625_1447(4).zip,fsDB28,fsDB28.bpl,active,64000
Client_REFERENCE_source-only_20260625_1447(4).zip,fsDB28,fsDB28.bpl_bak,backup,64000
Client_REFERENCE_source-only_20260625_1447(4).zip,fsDB29,fsDB29.bpl,active,65024
Client_REFERENCE_source-only_20260625_1447(4).zip,fsDB29,fsDB29.bpl_bak,backup,65024
Client_REFERENCE_source-only_20260625_1447(4).zip,GridPackd7,GridPackd7.bpl,active,770560
Client_REFERENCE_source-only_20260625_1447(4).zip,indy70,indy70.bpl,active,1013248
Client_REFERENCE_source-only_20260625_1447(4).zip,IndyCore200,IndyCore200.bpl,active,404480
Client_REFERENCE_source-only_20260625_1447(4).zip,IndyCore250,IndyCore250.bpl,active,408064
Client_REFERENCE_source-only_20260625_1447(4).zip,IndyCore250,IndyCore250.bpl_bak,backup,408064
Client_REFERENCE_source-only_20260625_1447(4).zip,IndyCore280,IndyCore280.bpl,active,409600
Client_REFERENCE_source-only_20260625_1447(4).zip,IndyCore280,IndyCore280.bpl_bak,backup,409600
Client_REFERENCE_source-only_20260625_1447(4).zip,IndyCore290,IndyCore290.bpl,active,419304
Client_REFERENCE_source-only_20260625_1447(4).zip,IndyCore290,IndyCore290.bpl_bak,backup,419304
Client_REFERENCE_source-only_20260625_1447(4).zip,IndyCore70,IndyCore70.bpl,active,299008
Client_REFERENCE_source-only_20260625_1447(4).zip,IndyIPClient200,IndyIPClient200.bpl,active,67960
Client_REFERENCE_source-only_20260625_1447(4).zip,IndyIPClient250,IndyIPClient250.bpl,active,68464
Client_REFERENCE_source-only_20260625_1447(4).zip,IndyIPClient250,IndyIPClient250.bpl_bak,backup,68464
Client_REFERENCE_source-only_20260625_1447(4).zip,IndyIPClient280,IndyIPClient280.bpl,active,69024
Client_REFERENCE_source-only_20260625_1447(4).zip,IndyIPClient280,IndyIPClient280.bpl_bak,backup,69024
Client_REFERENCE_source-only_20260625_1447(4).zip,IndyIPClient290,IndyIPClient290.bpl,active,71144
Client_REFERENCE_source-only_20260625_1447(4).zip,IndyIPClient290,IndyIPClient290.bpl_bak,backup,71144
Client_REFERENCE_source-only_20260625_1447(4).zip,IndyIPCommon200,IndyIPCommon200.bpl,active,65912
Client_REFERENCE_source-only_20260625_1447(4).zip,IndyIPCommon250,IndyIPCommon250.bpl,active,68976
Client_REFERENCE_source-only_20260625_1447(4).zip,IndyIPCommon250,IndyIPCommon250.bpl_bak,backup,68976
Client_REFERENCE_source-only_20260625_1447(4).zip,IndyIPCommon280,IndyIPCommon280.bpl,active,70560
Client_REFERENCE_source-only_20260625_1447(4).zip,IndyIPCommon280,IndyIPCommon280.bpl_bak,backup,70560
Client_REFERENCE_source-only_20260625_1447(4).zip,IndyIPCommon290,IndyIPCommon290.bpl,active,72680
Client_REFERENCE_source-only_20260625_1447(4).zip,IndyIPCommon290,IndyIPCommon290.bpl_bak,backup,72680
Client_REFERENCE_source-only_20260625_1447(4).zip,IndyIPServer280,IndyIPServer280.bpl,active,106912
Client_REFERENCE_source-only_20260625_1447(4).zip,IndyIPServer280,IndyIPServer280.bpl_bak,backup,106912
Client_REFERENCE_source-only_20260625_1447(4).zip,IndyIPServer290,IndyIPServer290.bpl,active,109032
Client_REFERENCE_source-only_20260625_1447(4).zip,IndyIPServer290,IndyIPServer290.bpl_bak,backup,107424
Client_REFERENCE_source-only_20260625_1447(4).zip,IndyProtocols200,IndyProtocols200.bpl,active,2562048
Client_REFERENCE_source-only_20260625_1447(4).zip,IndyProtocols250,IndyProtocols250.bpl,active,2647552
Client_REFERENCE_source-only_20260625_1447(4).zip,IndyProtocols250,IndyProtocols250.bpl_bak,backup,2647552
Client_REFERENCE_source-only_20260625_1447(4).zip,IndyProtocols280,IndyProtocols280.bpl,active,2686976
Client_REFERENCE_source-only_20260625_1447(4).zip,IndyProtocols280,IndyProtocols280.bpl_bak,backup,2686976
Client_REFERENCE_source-only_20260625_1447(4).zip,IndyProtocols290,IndyProtocols290.bpl,active,2702312
Client_REFERENCE_source-only_20260625_1447(4).zip,IndyProtocols290,IndyProtocols290.bpl_bak,backup,2702312
Client_REFERENCE_source-only_20260625_1447(4).zip,IndyProtocols70,IndyProtocols70.bpl,active,1777664
Client_REFERENCE_source-only_20260625_1447(4).zip,IndySystem200,IndySystem200.bpl,active,318976
Client_REFERENCE_source-only_20260625_1447(4).zip,IndySystem250,IndySystem250.bpl,active,316928
Client_REFERENCE_source-only_20260625_1447(4).zip,IndySystem250,IndySystem250.bpl_bak,backup,316928
Client_REFERENCE_source-only_20260625_1447(4).zip,IndySystem280,IndySystem280.bpl,active,318464
Client_REFERENCE_source-only_20260625_1447(4).zip,IndySystem280,IndySystem280.bpl_bak,backup,318464
Client_REFERENCE_source-only_20260625_1447(4).zip,IndySystem290,IndySystem290.bpl,active,328680
Client_REFERENCE_source-only_20260625_1447(4).zip,IndySystem290,IndySystem290.bpl_bak,backup,328680
Client_REFERENCE_source-only_20260625_1447(4).zip,IndySystem70,IndySystem70.bpl,active,133120
Client_REFERENCE_source-only_20260625_1447(4).zip,inet200,inet200.bpl,active,325496
Client_REFERENCE_source-only_20260625_1447(4).zip,inet250,inet250.bpl,active,299376
Client_REFERENCE_source-only_20260625_1447(4).zip,inet250,inet250.bpl_bak,backup,299376
Client_REFERENCE_source-only_20260625_1447(4).zip,inet280,inet280.bpl,active,279968
Client_REFERENCE_source-only_20260625_1447(4).zip,inet280,inet280.bpl_bak,backup,279968
Client_REFERENCE_source-only_20260625_1447(4).zip,inet290,inet290.bpl,active,323560
Client_REFERENCE_source-only_20260625_1447(4).zip,inet290,inet290.bpl_bak,backup,323560
Client_REFERENCE_source-only_20260625_1447(4).zip,inet70,inet70.bpl,active,111616
Client_REFERENCE_source-only_20260625_1447(4).zip,inetdb200,inetdb200.bpl,active,56696
Client_REFERENCE_source-only_20260625_1447(4).zip,inetdb250,inetdb250.bpl,active,58736
Client_REFERENCE_source-only_20260625_1447(4).zip,inetdb250,inetdb250.bpl_bak,backup,58736
Client_REFERENCE_source-only_20260625_1447(4).zip,inetdb280,inetdb280.bpl,active,58784
Client_REFERENCE_source-only_20260625_1447(4).zip,inetdb280,inetdb280.bpl_bak,backup,58784
Client_REFERENCE_source-only_20260625_1447(4).zip,inetdb290,inetdb290.bpl,active,60904
Client_REFERENCE_source-only_20260625_1447(4).zip,inetdb290,inetdb290.bpl_bak,backup,60904
Client_REFERENCE_source-only_20260625_1447(4).zip,inetdb70,inetdb70.bpl,active,37888
Client_REFERENCE_source-only_20260625_1447(4).zip,inetwinsockets,inetwinsockets.bpl,active,3054226
Client_REFERENCE_source-only_20260625_1447(4).zip,inetwinsockets,inetwinsockets.bpl_bak,backup,3054226
Client_REFERENCE_source-only_20260625_1447(4).zip,insppkgd7,insppkgd7.bpl,active,268800
Client_REFERENCE_source-only_20260625_1447(4).zip,InventoryPackage,InventoryPackage.bpl,active,963072
Client_REFERENCE_source-only_20260625_1447(4).zip,InventoryPackage,InventoryPackage.bpl_bak,backup,962048
Client_REFERENCE_source-only_20260625_1447(4).zip,ip4000clientvcl7,ip4000clientvcl7.bpl,active,52224
Client_REFERENCE_source-only_20260625_1447(4).zip,ip4000v7,ip4000v7.bpl,active,1393664
Client_REFERENCE_source-only_20260625_1447(4).zip,ipstudiowin200,ipstudiowin200.bpl,active,2134528
Client_REFERENCE_source-only_20260625_1447(4).zip,ipstudiowin250,ipstudiowin250.bpl,active,2139648
Client_REFERENCE_source-only_20260625_1447(4).zip,ipstudiowin250,ipstudiowin250.bpl_bak,backup,2139648
Client_REFERENCE_source-only_20260625_1447(4).zip,ipstudiowin280,ipstudiowin280.bpl,active,3034112
Client_REFERENCE_source-only_20260625_1447(4).zip,ipstudiowin280,ipstudiowin280.bpl_bak,backup,3034112
Client_REFERENCE_source-only_20260625_1447(4).zip,ipstudiowin290,ipstudiowin290.bpl,active,12142080
Client_REFERENCE_source-only_20260625_1447(4).zip,ipstudiowin290,ipstudiowin290.bpl_bak,backup,12142080
Client_REFERENCE_source-only_20260625_1447(4).zip,ipstudiowinclient280,ipstudiowinclient280.bpl,active,67584
Client_REFERENCE_source-only_20260625_1447(4).zip,ipstudiowinclient280,ipstudiowinclient280.bpl_bak,backup,67584
Client_REFERENCE_source-only_20260625_1447(4).zip,ipstudiowindataset280,ipstudiowindataset280.bpl,active,163840
Client_REFERENCE_source-only_20260625_1447(4).zip,ipstudiowindataset280,ipstudiowindataset280.bpl_bak,backup,163840
Client_REFERENCE_source-only_20260625_1447(4).zip,ipstudiowinWordxp280,ipstudiowinWordxp280.bpl,active,52736
Client_REFERENCE_source-only_20260625_1447(4).zip,ipstudiowinWordxp280,ipstudiowinWordxp280.bpl_bak,backup,52736
Client_REFERENCE_source-only_20260625_1447(4).zip,Jcl200,Jcl200.bpl,active,3766272
Client_REFERENCE_source-only_20260625_1447(4).zip,Jcl250,Jcl250.bpl,active,3042816
Client_REFERENCE_source-only_20260625_1447(4).zip,Jcl250,Jcl250.bpl_bak,backup,3042816
Client_REFERENCE_source-only_20260625_1447(4).zip,Jcl70,Jcl70.bpl,active,2228736
Client_REFERENCE_source-only_20260625_1447(4).zip,JclVcl200,JclVcl200.bpl,active,253440
Client_REFERENCE_source-only_20260625_1447(4).zip,JclVcl250,JclVcl250.bpl,active,248832
Client_REFERENCE_source-only_20260625_1447(4).zip,JclVcl250,JclVcl250.bpl_bak,backup,248832
Client_REFERENCE_source-only_20260625_1447(4).zip,JclVcl70,JclVcl70.bpl,active,152576
Client_REFERENCE_source-only_20260625_1447(4).zip,JobPackage,JobPackage.bpl,active,269824
Client_REFERENCE_source-only_20260625_1447(4).zip,JobPackage,JobPackage.bpl_bak,backup,269824
Client_REFERENCE_source-only_20260625_1447(4).zip,JvControls200,JvControls200.bpl,active,1085952
Client_REFERENCE_source-only_20260625_1447(4).zip,JvControls250,JvControls250.bpl,active,1100288
Client_REFERENCE_source-only_20260625_1447(4).zip,JvControls250,JvControls250.bpl_bak,backup,1100288
Client_REFERENCE_source-only_20260625_1447(4).zip,JvCore200,JvCore200.bpl,active,2181632
Client_REFERENCE_source-only_20260625_1447(4).zip,JvCore250,JvCore250.bpl,active,2186752
Client_REFERENCE_source-only_20260625_1447(4).zip,JvCore250,JvCore250.bpl_bak,backup,2186752
Client_REFERENCE_source-only_20260625_1447(4).zip,JvCoreD7D,JvCoreD7D.bpl,active,322048
Client_REFERENCE_source-only_20260625_1447(4).zip,JvCoreD7R,JvCoreD7R.bpl,active,1631744
Client_REFERENCE_source-only_20260625_1447(4).zip,JvCtrlsD7R,JvCtrlsD7R.bpl,active,784896
Client_REFERENCE_source-only_20260625_1447(4).zip,JvCustom200,JvCustom200.bpl,active,1287168
Client_REFERENCE_source-only_20260625_1447(4).zip,JvCustom250,JvCustom250.bpl,active,1299456
Client_REFERENCE_source-only_20260625_1447(4).zip,JvCustom250,JvCustom250.bpl_bak,backup,1299456
Client_REFERENCE_source-only_20260625_1447(4).zip,JvCustomD7R,JvCustomD7R.bpl,active,955392
Client_REFERENCE_source-only_20260625_1447(4).zip,JvDB200,JvDB200.bpl,active,1701888
Client_REFERENCE_source-only_20260625_1447(4).zip,JvDB250,JvDB250.bpl,active,1714688
Client_REFERENCE_source-only_20260625_1447(4).zip,JvDB250,JvDB250.bpl_bak,backup,1714688
Client_REFERENCE_source-only_20260625_1447(4).zip,JvDlgs200,JvDlgs200.bpl,active,633344
Client_REFERENCE_source-only_20260625_1447(4).zip,JvDlgs250,JvDlgs250.bpl,active,635904
Client_REFERENCE_source-only_20260625_1447(4).zip,JvDlgs250,JvDlgs250.bpl_bak,backup,635904
Client_REFERENCE_source-only_20260625_1447(4).zip,JvDlgsD7R,JvDlgsD7R.bpl,active,448000
Client_REFERENCE_source-only_20260625_1447(4).zip,JvMM200,JvMM200.bpl,active,779776
Client_REFERENCE_source-only_20260625_1447(4).zip,JvMM250,JvMM250.bpl,active,778752
Client_REFERENCE_source-only_20260625_1447(4).zip,JvMM250,JvMM250.bpl_bak,backup,778752
Client_REFERENCE_source-only_20260625_1447(4).zip,JvNet200,JvNet200.bpl,active,397312
Client_REFERENCE_source-only_20260625_1447(4).zip,JvNet250,JvNet250.bpl,active,395776
Client_REFERENCE_source-only_20260625_1447(4).zip,JvNet250,JvNet250.bpl_bak,backup,395776
Client_REFERENCE_source-only_20260625_1447(4).zip,JvNetD7D,JvNetD7D.bpl,active,80896
Client_REFERENCE_source-only_20260625_1447(4).zip,JvNetD7R,JvNetD7R.bpl,active,168960
Client_REFERENCE_source-only_20260625_1447(4).zip,JvStdCtrls200,JvStdCtrls200.bpl,active,1827840
Client_REFERENCE_source-only_20260625_1447(4).zip,JvStdCtrls250,JvStdCtrls250.bpl,active,1842688
Client_REFERENCE_source-only_20260625_1447(4).zip,JvStdCtrls250,JvStdCtrls250.bpl_bak,backup,1842688
Client_REFERENCE_source-only_20260625_1447(4).zip,JvStdCtrlsD7R,JvStdCtrlsD7R.bpl,active,1297408
Client_REFERENCE_source-only_20260625_1447(4).zip,JvSystem200,JvSystem200.bpl,active,871424
Client_REFERENCE_source-only_20260625_1447(4).zip,JvSystem250,JvSystem250.bpl,active,872448
Client_REFERENCE_source-only_20260625_1447(4).zip,JvSystem250,JvSystem250.bpl_bak,backup,872448
Client_REFERENCE_source-only_20260625_1447(4).zip,JvSystemD7R,JvSystemD7R.bpl,active,513536
Client_REFERENCE_source-only_20260625_1447(4).zip,lmdrtelcore200,lmdrtelcore200.bpl,active,3731456
Client_REFERENCE_source-only_20260625_1447(4).zip,lmdrtl200,lmdrtl200.bpl,active,695808
Client_REFERENCE_source-only_20260625_1447(4).zip,lmdrtrtlx200,lmdrtrtlx200.bpl,active,1102848
Client_REFERENCE_source-only_20260625_1447(4).zip,mxFlatPack_D7,mxFlatPack_D7.bpl,active,251904
Client_REFERENCE_source-only_20260625_1447(4).zip,mxFlatPack_XE10,mxFlatPack_XE10.bpl,active,332800
Client_REFERENCE_source-only_20260625_1447(4).zip,mxFlatPack_XE10,mxFlatPack_XE10.bpl_bak,backup,332800
Client_REFERENCE_source-only_20260625_1447(4).zip,mxFlatPack_XE6,mxFlatPack_XE6.bpl,active,328704
Client_REFERENCE_source-only_20260625_1447(4).zip,NomenclaturesPackage,NomenclaturesPackage.bpl,active,1941504
Client_REFERENCE_source-only_20260625_1447(4).zip,NomenclaturesPackage,NomenclaturesPackage.bpl_bak,backup,1939456
Client_REFERENCE_source-only_20260625_1447(4).zip,ProductionPackage,ProductionPackage.bpl,active,465920
Client_REFERENCE_source-only_20260625_1447(4).zip,ProductionPackage,ProductionPackage.bpl_bak,backup,465920
Client_REFERENCE_source-only_20260625_1447(4).zip,ProviderExPack,ProviderExPack.bpl,active,27648
Client_REFERENCE_source-only_20260625_1447(4).zip,PurchasePackage,PurchasePackage.bpl,active,1686528
Client_REFERENCE_source-only_20260625_1447(4).zip,PurchasePackage,PurchasePackage.bpl_bak,backup,1686016
Client_REFERENCE_source-only_20260625_1447(4).zip,qrpt70,qrpt70.bpl,active,522752
Client_REFERENCE_source-only_20260625_1447(4).zip,Rave110VCL200,Rave110VCL200.bpl,active,1587712
Client_REFERENCE_source-only_20260625_1447(4).zip,Rave110VCL250,Rave110VCL250.bpl,active,1491456
Client_REFERENCE_source-only_20260625_1447(4).zip,Rave110VCL250,Rave110VCL250.bpl_bak,backup,1491456
Client_REFERENCE_source-only_20260625_1447(4).zip,Rave220VCL280-32,Rave220VCL280-32.bpl,active,1560576
Client_REFERENCE_source-only_20260625_1447(4).zip,Rave220VCL280-32,Rave220VCL280-32.bpl_bak,backup,1560576
Client_REFERENCE_source-only_20260625_1447(4).zip,Rave240VCL290-32,Rave240VCL290-32.bpl,active,1561600
Client_REFERENCE_source-only_20260625_1447(4).zip,Rave240VCL290-32,Rave240VCL290-32.bpl_bak,backup,1561600
Client_REFERENCE_source-only_20260625_1447(4).zip,Rave50VCLBE70,Rave50VCLBE70.bpl,active,892928
Client_REFERENCE_source-only_20260625_1447(4).zip,rdmMid10,rdmMid10.bpl,active,17920
Client_REFERENCE_source-only_20260625_1447(4).zip,rdmMid10_XE10,rdmMid10_XE10.bpl,active,28160
Client_REFERENCE_source-only_20260625_1447(4).zip,rdmMid10_XE10,rdmMid10_XE10.bpl_bak,backup,28160
Client_REFERENCE_source-only_20260625_1447(4).zip,rdmMid10_XE6,rdmMid10_XE6.bpl,active,25600
Client_REFERENCE_source-only_20260625_1447(4).zip,ReservPackage,ReservPackage.bpl,active,6656
Client_REFERENCE_source-only_20260625_1447(4).zip,RESTComponents200,RESTComponents200.bpl,active,1017720
Client_REFERENCE_source-only_20260625_1447(4).zip,RESTComponents200,RESTComponents200.bpl_bak,backup,1017720
Client_REFERENCE_source-only_20260625_1447(4).zip,RESTComponents250,RESTComponents250.bpl,active,1039216
Client_REFERENCE_source-only_20260625_1447(4).zip,RESTComponents250,RESTComponents250.bpl_bak,backup,1039216
Client_REFERENCE_source-only_20260625_1447(4).zip,RESTComponents280,RESTComponents280.bpl,active,941472
Client_REFERENCE_source-only_20260625_1447(4).zip,RESTComponents280,RESTComponents280.bpl_bak,backup,941472
Client_REFERENCE_source-only_20260625_1447(4).zip,RESTComponents290,RESTComponents290.bpl,active,983016
Client_REFERENCE_source-only_20260625_1447(4).zip,RESTComponents290,RESTComponents290.bpl_bak,backup,983016
Client_REFERENCE_source-only_20260625_1447(4).zip,rtl200,rtl200.bpl,active,4597624
Client_REFERENCE_source-only_20260625_1447(4).zip,rtl250,rtl250.bpl,active,10802032
Client_REFERENCE_source-only_20260625_1447(4).zip,rtl250,rtl250.bpl_bak,backup,10802032
Client_REFERENCE_source-only_20260625_1447(4).zip,rtl280 - Copy,rtl280 - Copy.bpl,active,12880288
Client_REFERENCE_source-only_20260625_1447(4).zip,rtl280,rtl280.bpl,active,13152672
Client_REFERENCE_source-only_20260625_1447(4).zip,rtl280,rtl280.bpl_bak,backup,13152672
Client_REFERENCE_source-only_20260625_1447(4).zip,rtl290,rtl290.bpl,active,12747752
Client_REFERENCE_source-only_20260625_1447(4).zip,rtl290,rtl290.bpl_bak,backup,12747752
Client_REFERENCE_source-only_20260625_1447(4).zip,rtl70,rtl70.bpl,active,783360
Client_REFERENCE_source-only_20260625_1447(4).zip,SalesPackage,SalesPackage.bpl,active,3278848
Client_REFERENCE_source-only_20260625_1447(4).zip,SalesPackage,SalesPackage.bpl_bak,backup,3273216
Client_REFERENCE_source-only_20260625_1447(4).zip,ServicePackage,ServicePackage.bpl,active,1173504
Client_REFERENCE_source-only_20260625_1447(4).zip,ServicePackage,ServicePackage.bpl_bak,backup,1172480
Client_REFERENCE_source-only_20260625_1447(4).zip,soaprtl200,soaprtl200.bpl,active,775544
Client_REFERENCE_source-only_20260625_1447(4).zip,soaprtl250,soaprtl250.bpl,active,846192
Client_REFERENCE_source-only_20260625_1447(4).zip,soaprtl250,soaprtl250.bpl_bak,backup,846192
Client_REFERENCE_source-only_20260625_1447(4).zip,soaprtl280,soaprtl280.bpl,active,802208
Client_REFERENCE_source-only_20260625_1447(4).zip,soaprtl280,soaprtl280.bpl_bak,backup,802208
Client_REFERENCE_source-only_20260625_1447(4).zip,soaprtl290,soaprtl290.bpl,active,804840
Client_REFERENCE_source-only_20260625_1447(4).zip,soaprtl290,soaprtl290.bpl_bak,backup,804840
Client_REFERENCE_source-only_20260625_1447(4).zip,soaprtl70,soaprtl70.bpl,active,528384
Client_REFERENCE_source-only_20260625_1447(4).zip,StyleControls_d11Alexandria,StyleControls_d11Alexandria.bpl,active,4762624
Client_REFERENCE_source-only_20260625_1447(4).zip,StyleControls_d11Alexandria,StyleControls_d11Alexandria.bpl_bak,backup,13204278
Client_REFERENCE_source-only_20260625_1447(4).zip,StyleControls_d12Athens,StyleControls_d12Athens.bpl,active,13942001
Client_REFERENCE_source-only_20260625_1447(4).zip,StyleControls_d12Athens,StyleControls_d12Athens.bpl_bak,backup,4940288
Client_REFERENCE_source-only_20260625_1447(4).zip,StyleControls_dxe102Tokyo,StyleControls_dxe102Tokyo.bpl,active,4718080
Client_REFERENCE_source-only_20260625_1447(4).zip,tee70,tee70.bpl,active,371712
Client_REFERENCE_source-only_20260625_1447(4).zip,Tee9200,Tee9200.bpl,active,1903616
Client_REFERENCE_source-only_20260625_1447(4).zip,TMSD7,TMSD7.bpl,active,8682496
Client_REFERENCE_source-only_20260625_1447(4).zip,tmsded7,tmsded7.bpl,active,789504
Client_REFERENCE_source-only_20260625_1447(4).zip,tmsdedXE10,tmsdedXE10.bpl,active,1717760
Client_REFERENCE_source-only_20260625_1447(4).zip,tmsdedXE10,tmsdedXE10.bpl_bak,backup,1717760
Client_REFERENCE_source-only_20260625_1447(4).zip,tmsdXE10,tmsdXE10.bpl,active,14115328
Client_REFERENCE_source-only_20260625_1447(4).zip,tmsdXE10,tmsdXE10.bpl_bak,backup,14115328
Client_REFERENCE_source-only_20260625_1447(4).zip,tmsdXE6,tmsdXE6.bpl,active,12752896
Client_REFERENCE_source-only_20260625_1447(4).zip,tmsexd7,tmsexd7.bpl,active,200192
Client_REFERENCE_source-only_20260625_1447(4).zip,tmsexdXE10,tmsexdXE10.bpl,active,8637440
Client_REFERENCE_source-only_20260625_1447(4).zip,tmsexdXE10,tmsexdXE10.bpl_bak,backup,8637440
Client_REFERENCE_source-only_20260625_1447(4).zip,tmsexdXE6,tmsexdXE6.bpl,active,5358592
Client_REFERENCE_source-only_20260625_1447(4).zip,tmsexdXE6,tmsexdXE6.bpl_bak,backup,5358592
Client_REFERENCE_source-only_20260625_1447(4).zip,TMSVCLUIPackPkgDEDXE14,TMSVCLUIPackPkgDEDXE14.bpl,active,1811968
Client_REFERENCE_source-only_20260625_1447(4).zip,TMSVCLUIPackPkgDEDXE14,TMSVCLUIPackPkgDEDXE14.bpl_bak,backup,1811968
Client_REFERENCE_source-only_20260625_1447(4).zip,TMSVCLUIPackPkgDXE11,TMSVCLUIPackPkgDXE11.bpl,active,16891904
Client_REFERENCE_source-only_20260625_1447(4).zip,TMSVCLUIPackPkgDXE11,TMSVCLUIPackPkgDXE11.bpl_bak,backup,16891904
Client_REFERENCE_source-only_20260625_1447(4).zip,TMSVCLUIPackPkgDXE14,TMSVCLUIPackPkgDXE14.bpl,active,17297408
Client_REFERENCE_source-only_20260625_1447(4).zip,TMSVCLUIPackPkgDXE14,TMSVCLUIPackPkgDXE14.bpl_bak,backup,17297408
Client_REFERENCE_source-only_20260625_1447(4).zip,TMSVCLUIPackPkgDXE15,TMSVCLUIPackPkgDXE15.bpl,active,17774080
Client_REFERENCE_source-only_20260625_1447(4).zip,TMSVCLUIPackPkgDXE15,TMSVCLUIPackPkgDXE15.bpl_bak,backup,17774080
Client_REFERENCE_source-only_20260625_1447(4).zip,TMSVCLUIPackPkgExDXE11,TMSVCLUIPackPkgExDXE11.bpl,active,9806848
Client_REFERENCE_source-only_20260625_1447(4).zip,TMSVCLUIPackPkgExDXE11,TMSVCLUIPackPkgExDXE11.bpl_bak,backup,9806848
Client_REFERENCE_source-only_20260625_1447(4).zip,TMSVCLUIPackPkgExDXE14,TMSVCLUIPackPkgExDXE14.bpl,active,10300928
Client_REFERENCE_source-only_20260625_1447(4).zip,TMSVCLUIPackPkgExDXE14,TMSVCLUIPackPkgExDXE14.bpl_bak,backup,10300928
Client_REFERENCE_source-only_20260625_1447(4).zip,TMSVCLUIPackPkgExDXE15,TMSVCLUIPackPkgExDXE15.bpl,active,10842624
Client_REFERENCE_source-only_20260625_1447(4).zip,TMSVCLUIPackPkgExDXE15,TMSVCLUIPackPkgExDXE15.bpl_bak,backup,10842624
Client_REFERENCE_source-only_20260625_1447(4).zip,TMSVCLUIPackPkgWizDXE14,TMSVCLUIPackPkgWizDXE14.bpl,active,1164800
Client_REFERENCE_source-only_20260625_1447(4).zip,TMSVCLUIPackPkgWizDXE14,TMSVCLUIPackPkgWizDXE14.bpl_bak,backup,1164800
Client_REFERENCE_source-only_20260625_1447(4).zip,TMSVCLUIPackPkgXlsDXE14,TMSVCLUIPackPkgXlsDXE14.bpl,active,929792
Client_REFERENCE_source-only_20260625_1447(4).zip,TMSVCLUIPackPkgXlsDXE14,TMSVCLUIPackPkgXlsDXE14.bpl_bak,backup,929792
Client_REFERENCE_source-only_20260625_1447(4).zip,tmswizd7,tmswizd7.bpl,active,32768
Client_REFERENCE_source-only_20260625_1447(4).zip,tmsxlsd7,tmsxlsd7.bpl,active,556544
Client_REFERENCE_source-only_20260625_1447(4).zip,TourPackage,TourPackage.bpl,active,461824
Client_REFERENCE_source-only_20260625_1447(4).zip,vcl200,vcl200.bpl,active,3839864
Client_REFERENCE_source-only_20260625_1447(4).zip,vcl250,vcl250.bpl,active,4046704
Client_REFERENCE_source-only_20260625_1447(4).zip,vcl250,vcl250.bpl_bak,backup,4046704
Client_REFERENCE_source-only_20260625_1447(4).zip,vcl280,vcl280.bpl,active,4260768
Client_REFERENCE_source-only_20260625_1447(4).zip,vcl280,vcl280.bpl_bak,backup,4260768
Client_REFERENCE_source-only_20260625_1447(4).zip,vcl290,vcl290.bpl,active,4429288
Client_REFERENCE_source-only_20260625_1447(4).zip,vcl290,vcl290.bpl_bak,backup,4429288
Client_REFERENCE_source-only_20260625_1447(4).zip,vcl70,vcl70.bpl,active,1383936
Client_REFERENCE_source-only_20260625_1447(4).zip,vclactnband200,vclactnband200.bpl,active,457080
Client_REFERENCE_source-only_20260625_1447(4).zip,vclactnband250,vclactnband250.bpl,active,461680
Client_REFERENCE_source-only_20260625_1447(4).zip,vclactnband250,vclactnband250.bpl_bak,backup,461680
Client_REFERENCE_source-only_20260625_1447(4).zip,vclactnband280,vclactnband280.bpl,active,472992
Client_REFERENCE_source-only_20260625_1447(4).zip,vclactnband280,vclactnband280.bpl_bak,backup,472992
Client_REFERENCE_source-only_20260625_1447(4).zip,vclactnband290,vclactnband290.bpl,active,477160
Client_REFERENCE_source-only_20260625_1447(4).zip,vclactnband290,vclactnband290.bpl_bak,backup,477160
Client_REFERENCE_source-only_20260625_1447(4).zip,vclactnband70,vclactnband70.bpl,active,287744
Client_REFERENCE_source-only_20260625_1447(4).zip,vcldb200,vcldb200.bpl,active,397688
Client_REFERENCE_source-only_20260625_1447(4).zip,vcldb250,vcldb250.bpl,active,404336
Client_REFERENCE_source-only_20260625_1447(4).zip,vcldb250,vcldb250.bpl_bak,backup,404336
Client_REFERENCE_source-only_20260625_1447(4).zip,vcldb280,vcldb280.bpl,active,509344
Client_REFERENCE_source-only_20260625_1447(4).zip,vcldb280,vcldb280.bpl_bak,backup,509344
Client_REFERENCE_source-only_20260625_1447(4).zip,vcldb290,vcldb290.bpl,active,541160
Client_REFERENCE_source-only_20260625_1447(4).zip,vcldb290,vcldb290.bpl_bak,backup,541160
Client_REFERENCE_source-only_20260625_1447(4).zip,vcldb70,vcldb70.bpl,active,264704
Client_REFERENCE_source-only_20260625_1447(4).zip,vcledge280,vcledge280.bpl,active,128928
Client_REFERENCE_source-only_20260625_1447(4).zip,vcledge280,vcledge280.bpl_bak,backup,128928
Client_REFERENCE_source-only_20260625_1447(4).zip,vcledge290,vcledge290.bpl,active,137704
Client_REFERENCE_source-only_20260625_1447(4).zip,vcledge290,vcledge290.bpl_bak,backup,137704
Client_REFERENCE_source-only_20260625_1447(4).zip,vclie200,vclie200.bpl,active,1062776
Client_REFERENCE_source-only_20260625_1447(4).zip,vclie250,vclie250.bpl,active,1082224
Client_REFERENCE_source-only_20260625_1447(4).zip,vclie250,vclie250.bpl_bak,backup,1082224
Client_REFERENCE_source-only_20260625_1447(4).zip,vclie280,vclie280.bpl,active,1137056
Client_REFERENCE_source-only_20260625_1447(4).zip,vclie280,vclie280.bpl_bak,backup,1137056
Client_REFERENCE_source-only_20260625_1447(4).zip,vclie290,vclie290.bpl,active,1104872
Client_REFERENCE_source-only_20260625_1447(4).zip,vclie290,vclie290.bpl_bak,backup,1104872
Client_REFERENCE_source-only_20260625_1447(4).zip,vclie70,vclie70.bpl,active,227328
Client_REFERENCE_source-only_20260625_1447(4).zip,vclimg200,vclimg200.bpl,active,354680
Client_REFERENCE_source-only_20260625_1447(4).zip,vclimg250,vclimg250.bpl,active,358768
Client_REFERENCE_source-only_20260625_1447(4).zip,vclimg250,vclimg250.bpl_bak,backup,358768
Client_REFERENCE_source-only_20260625_1447(4).zip,vclimg280,vclimg280.bpl,active,361888
Client_REFERENCE_source-only_20260625_1447(4).zip,vclimg280,vclimg280.bpl_bak,backup,361888
Client_REFERENCE_source-only_20260625_1447(4).zip,vclimg290,vclimg290.bpl,active,363496
Client_REFERENCE_source-only_20260625_1447(4).zip,vclimg290,vclimg290.bpl_bak,backup,363496
Client_REFERENCE_source-only_20260625_1447(4).zip,vcljpg70,vcljpg70.bpl,active,97792
Client_REFERENCE_source-only_20260625_1447(4).zip,VCLSer70,VCLSer70.bpl,active,294912
Client_REFERENCE_source-only_20260625_1447(4).zip,vclsmp200,vclsmp200.bpl,active,95096
Client_REFERENCE_source-only_20260625_1447(4).zip,vclsmp250,vclsmp250.bpl,active,101232
Client_REFERENCE_source-only_20260625_1447(4).zip,vclsmp250,vclsmp250.bpl_bak,backup,101232
Client_REFERENCE_source-only_20260625_1447(4).zip,vclsmp280,vclsmp280.bpl,active,104352
Client_REFERENCE_source-only_20260625_1447(4).zip,vclsmp280,vclsmp280.bpl_bak,backup,104352
Client_REFERENCE_source-only_20260625_1447(4).zip,vclsmp290,vclsmp290.bpl,active,107496
Client_REFERENCE_source-only_20260625_1447(4).zip,vclsmp290,vclsmp290.bpl_bak,backup,107496
Client_REFERENCE_source-only_20260625_1447(4).zip,vclsmp70,vclsmp70.bpl,active,64512
Client_REFERENCE_source-only_20260625_1447(4).zip,vclWinX280,vclWinX280.bpl,active,913824
Client_REFERENCE_source-only_20260625_1447(4).zip,vclWinX280,vclWinX280.bpl_bak,backup,913824
Client_REFERENCE_source-only_20260625_1447(4).zip,vclWinX290,vclWinX290.bpl,active,948712
Client_REFERENCE_source-only_20260625_1447(4).zip,vclWinX290,vclWinX290.bpl_bak,backup,948712
Client_REFERENCE_source-only_20260625_1447(4).zip,vclx200,vclx200.bpl,active,269176
Client_REFERENCE_source-only_20260625_1447(4).zip,vclx250,vclx250.bpl,active,273776
Client_REFERENCE_source-only_20260625_1447(4).zip,vclx250,vclx250.bpl_bak,backup,273776
Client_REFERENCE_source-only_20260625_1447(4).zip,vclx280,vclx280.bpl,active,281504
Client_REFERENCE_source-only_20260625_1447(4).zip,vclx280,vclx280.bpl_bak,backup,281504
Client_REFERENCE_source-only_20260625_1447(4).zip,vclx290,vclx290.bpl,active,285672
Client_REFERENCE_source-only_20260625_1447(4).zip,vclx290,vclx290.bpl_bak,backup,285672
Client_REFERENCE_source-only_20260625_1447(4).zip,vclx70,vclx70.bpl,active,215040
Client_REFERENCE_source-only_20260625_1447(4).zip,VehiclePackage,VehiclePackage.bpl,active,2182656
Client_REFERENCE_source-only_20260625_1447(4).zip,VehiclePackage,VehiclePackage.bpl_bak,backup,2150400
Client_REFERENCE_source-only_20260625_1447(4).zip,VirtualTreesD7,VirtualTreesD7.bpl,active,434688
Client_REFERENCE_source-only_20260625_1447(4).zip,VirtualTreesD7D,VirtualTreesD7D.bpl,active,40960
Client_REFERENCE_source-only_20260625_1447(4).zip,VirtualTreesR25,VirtualTreesR25.bpl,active,664576
Client_REFERENCE_source-only_20260625_1447(4).zip,VirtualTreesR25,VirtualTreesR25.bpl_bak,backup,664576
Client_REFERENCE_source-only_20260625_1447(4).zip,VirtualTreesR290,VirtualTreesR290.bpl,active,701952
Client_REFERENCE_source-only_20260625_1447(4).zip,VirtualTreesR290,VirtualTreesR290.bpl_bak,backup,701952
Client_REFERENCE_source-only_20260625_1447(4).zip,visualclx70,visualclx70.bpl,active,1289728
Client_REFERENCE_source-only_20260625_1447(4).zip,visualdbclx70,visualdbclx70.bpl,active,223744
Client_REFERENCE_source-only_20260625_1447(4).zip,webdsnap70,webdsnap70.bpl,active,268288
Client_REFERENCE_source-only_20260625_1447(4).zip,xmlrtl200,xmlrtl200.bpl,active,2166136
Client_REFERENCE_source-only_20260625_1447(4).zip,xmlrtl250,xmlrtl250.bpl,active,2406256
Client_REFERENCE_source-only_20260625_1447(4).zip,xmlrtl250,xmlrtl250.bpl_bak,backup,2406256
Client_REFERENCE_source-only_20260625_1447(4).zip,xmlrtl280,xmlrtl280.bpl,active,2340768
Client_REFERENCE_source-only_20260625_1447(4).zip,xmlrtl280,xmlrtl280.bpl_bak,backup,2340768
Client_REFERENCE_source-only_20260625_1447(4).zip,xmlrtl290,xmlrtl290.bpl,active,2357224
Client_REFERENCE_source-only_20260625_1447(4).zip,xmlrtl290,xmlrtl290.bpl_bak,backup,2357224
Client_REFERENCE_source-only_20260625_1447(4).zip,xmlrtl70,xmlrtl70.bpl,active,853504
Client_REFERENCE_source-only_20260625_1447(4).zip,ZipmasterD7,ZipmasterD7.bpl,active,180224
Client_REFERENCE_source-only_20260625_1447(4).zip,ZipMasterR20,ZipMasterR20.bpl,active,561152
Client_REFERENCE_source-only_20260625_1447(4).zip,ZipMasterR22,ZipMasterR22.bpl,active,563712
Client_REFERENCE_source-only_20260625_1447(4).zip,ZipMasterR22,ZipMasterR22.bpl_bak,backup,563712
Client_REFERENCE_source-only_20260625_1447(4).zip,ZipMasterR23,ZipMasterR23.bpl,active,560128
Client_REFERENCE_source-only_20260625_1447(4).zip,ZipMasterR23,ZipMasterR23.bpl_bak,backup,560128
Client_REFERENCE_source-only_20260625_1447(4).zip,ZipMasterR24,ZipMasterR24.bpl,active,567296
Client_REFERENCE_source-only_20260625_1447(4).zip,ZipMasterR24,ZipMasterR24.bpl_bak,backup,567296
Client_REFERENCE_source-only_20260625_1447(4).zip,ZipMasterR25,ZipMasterR25.bpl,active,566272
Client_REFERENCE_source-only_20260625_1447(4).zip,ZipMasterR25,ZipMasterR25.bpl_bak,backup,566272
ZipMasterR23.zip,ZipMasterR23,ZipMasterR23.bpl_bak,backup,560128
ZipMasterR23.zip,ZipMasterR24,ZipMasterR24.bpl,active,567296
ZipMasterR23.zip,ZipMasterR24,ZipMasterR24.bpl_bak,backup,567296
ZipMasterR23.zip,ZipMasterR25,ZipMasterR25.bpl,active,566272
ZipMasterR23.zip,ZipMasterR25,ZipMasterR25.bpl_bak,backup,566272
ZipMasterR23.zip,AccountingPackage,AccountingPackage.bpl,active,1445888
ZipMasterR23.zip,AccountingPackage,AccountingPackage.bpl_bak,backup,1424384
ZipMasterR23.zip,AddOns,AddOns.bpl,active,39424
ZipMasterR23.zip,adortl70,adortl70.bpl,active,149504
ZipMasterR23.zip,adortl200,adortl200.bpl,active,232312
ZipMasterR23.zip,adortl250,adortl250.bpl,active,233840
ZipMasterR23.zip,adortl250,adortl250.bpl_bak,backup,233840
ZipMasterR23.zip,adortl280,adortl280.bpl,active,254880
ZipMasterR23.zip,adortl280,adortl280.bpl_bak,backup,254880
ZipMasterR23.zip,adortl290,adortl290.bpl,active,241640
ZipMasterR23.zip,adortl290,adortl290.bpl_bak,backup,241640
ZipMasterR23.zip,AdvancedPackage,AdvancedPackage.bpl,active,7680
ZipMasterR23.zip,BasePackage,BasePackage.bpl,active,6876672
ZipMasterR23.zip,BasePackage,BasePackage.bpl_bak,backup,6869504
ZipMasterR23.zip,bdertl70,bdertl70.bpl,active,222208
ZipMasterR23.zip,bdertl200,bdertl200.bpl,active,359288
ZipMasterR23.zip,bdertl250,bdertl250.bpl,active,354304
ZipMasterR23.zip,bdertl250,bdertl250.bpl_bak,backup,354304
ZipMasterR23.zip,bdertl280,bdertl280.bpl,active,362400
ZipMasterR23.zip,bdertl280,bdertl280.bpl_bak,backup,362400
ZipMasterR23.zip,bdertl290,bdertl290.bpl,active,363936
ZipMasterR23.zip,bdertl290,bdertl290.bpl_bak,backup,363936
ZipMasterR23.zip,bindcomp200,bindcomp200.bpl,active,2633592
ZipMasterR23.zip,bindcomp200,bindcomp200.bpl_bak,backup,2633592
ZipMasterR23.zip,bindcomp250,bindcomp250.bpl,active,2596720
ZipMasterR23.zip,bindcomp250,bindcomp250.bpl_bak,backup,2596720
ZipMasterR23.zip,bindcomp280,bindcomp280.bpl,active,2281888
ZipMasterR23.zip,bindcomp280,bindcomp280.bpl_bak,backup,2281888
ZipMasterR23.zip,bindcomp290,bindcomp290.bpl,active,2309608
ZipMasterR23.zip,bindcomp290,bindcomp290.bpl_bak,backup,2309608
ZipMasterR23.zip,bindengine200,bindengine200.bpl,active,1774456
ZipMasterR23.zip,bindengine200,bindengine200.bpl_bak,backup,1774456
ZipMasterR23.zip,bindengine250,bindengine250.bpl,active,1600880
ZipMasterR23.zip,bindengine250,bindengine250.bpl_bak,backup,1600880
ZipMasterR23.zip,bindengine280,bindengine280.bpl,active,1297824
ZipMasterR23.zip,bindengine280,bindengine280.bpl_bak,backup,1297824
ZipMasterR23.zip,bindengine290,bindengine290.bpl,active,1313768
ZipMasterR23.zip,bindengine290,bindengine290.bpl_bak,backup,1313768
ZipMasterR23.zip,CommercePackage,CommercePackage.bpl,active,205824
ZipMasterR23.zip,CommercePackage,CommercePackage.bpl_bak,backup,205824
ZipMasterR23.zip,CPortLibDXE,CPortLibDXE.bpl,active,298496
ZipMasterR23.zip,CPortLibDXE,CPortLibDXE.bpl_bak,backup,296960
ZipMasterR23.zip,CRMPackage,CRMPackage.bpl,active,599040
ZipMasterR23.zip,CRMPackage,CRMPackage.bpl_bak,backup,599040
ZipMasterR23.zip,CustomIPTransport200,CustomIPTransport200.bpl,active,227192
ZipMasterR23.zip,CustomIPTransport250,CustomIPTransport250.bpl,active,221552
ZipMasterR23.zip,CustomIPTransport250,CustomIPTransport250.bpl_bak,backup,221552
ZipMasterR23.zip,CustomIPTransport280,CustomIPTransport280.bpl,active,143776
ZipMasterR23.zip,CustomIPTransport280,CustomIPTransport280.bpl_bak,backup,143776
ZipMasterR23.zip,CustomIPTransport290,CustomIPTransport290.bpl,active,145896
ZipMasterR23.zip,CustomIPTransport290,CustomIPTransport290.bpl_bak,backup,145896
ZipMasterR23.zip,CustomPackage,CustomPackage.bpl,active,1448960
ZipMasterR23.zip,CustomPackage,CustomPackage.bpl_bak,backup,1443840
ZipMasterR23.zip,cxDataRS25,cxDataRS25.bpl,active,683520
ZipMasterR23.zip,cxDataRS25,cxDataRS25.bpl_bak,backup,683520
ZipMasterR23.zip,cxEditorsRS25,cxEditorsRS25.bpl,active,5798912
ZipMasterR23.zip,cxEditorsRS25,cxEditorsRS25.bpl_bak,backup,5798912
ZipMasterR23.zip,cxExportRS25,cxExportRS25.bpl,active,339456
ZipMasterR23.zip,cxExportRS25,cxExportRS25.bpl_bak,backup,339456
ZipMasterR23.zip,cxLibraryRS25,cxLibraryRS25.bpl,active,4028416
ZipMasterR23.zip,cxLibraryRS25,cxLibraryRS25.bpl_bak,backup,4028416
ZipMasterR23.zip,cxPageControlRS25,cxPageControlRS25.bpl,active,428544
ZipMasterR23.zip,cxPageControlRS25,cxPageControlRS25.bpl_bak,backup,428544
ZipMasterR23.zip,cxSchedulerRibbonStyleEventEditorRS25,cxSchedulerRibbonStyleEventEditorRS25.bpl,active,151552
ZipMasterR23.zip,cxSchedulerRibbonStyleEventEditorRS25,cxSchedulerRibbonStyleEventEditorRS25.bpl_bak,backup,151552
ZipMasterR23.zip,cxSchedulerRS25,cxSchedulerRS25.bpl,active,2773504
ZipMasterR23.zip,cxSchedulerRS25,cxSchedulerRS25.bpl_bak,backup,2773504
ZipMasterR23.zip,cxSchedulerTreeBrowserRS25,cxSchedulerTreeBrowserRS25.bpl,active,136192
ZipMasterR23.zip,cxSchedulerTreeBrowserRS25,cxSchedulerTreeBrowserRS25.bpl_bak,backup,136192
ZipMasterR23.zip,cxTreeListRS25,cxTreeListRS25.bpl,active,1060352
ZipMasterR23.zip,cxTreeListRS25,cxTreeListRS25.bpl_bak,backup,1060352
ZipMasterR23.zip,DataSnapClient200,DataSnapClient200.bpl,active,811896
ZipMasterR23.zip,DataSnapClient250,DataSnapClient250.bpl,active,770416
ZipMasterR23.zip,DataSnapClient250,DataSnapClient250.bpl_bak,backup,770416
ZipMasterR23.zip,DataSnapClient280,DataSnapClient280.bpl,active,633248
ZipMasterR23.zip,DataSnapClient280,DataSnapClient280.bpl_bak,backup,633248
ZipMasterR23.zip,DataSnapClient290,DataSnapClient290.bpl,active,638440
ZipMasterR23.zip,DataSnapClient290,DataSnapClient290.bpl_bak,backup,638440
ZipMasterR23.zip,DataSnapCommon200,DataSnapCommon200.bpl,active,290168
ZipMasterR23.zip,DataSnapCommon250,DataSnapCommon250.bpl,active,283504
ZipMasterR23.zip,DataSnapCommon250,DataSnapCommon250.bpl_bak,backup,283504
ZipMasterR23.zip,DataSnapCommon280,DataSnapCommon280.bpl,active,208288
ZipMasterR23.zip,DataSnapCommon280,DataSnapCommon280.bpl_bak,backup,208288
ZipMasterR23.zip,DataSnapCommon290,DataSnapCommon290.bpl,active,210408
ZipMasterR23.zip,DataSnapCommon290,DataSnapCommon290.bpl_bak,backup,210408
ZipMasterR23.zip,DataSnapProviderClient250,DataSnapProviderClient250.bpl,active,43888
ZipMasterR23.zip,DataSnapProviderClient250,DataSnapProviderClient250.bpl_bak,backup,43888
ZipMasterR23.zip,DataSnapProviderClient280,DataSnapProviderClient280.bpl,active,44448
ZipMasterR23.zip,DataSnapProviderClient280,DataSnapProviderClient280.bpl_bak,backup,44448
ZipMasterR23.zip,DataSnapProviderClient290,DataSnapProviderClient290.bpl,active,46056
ZipMasterR23.zip,DataSnapProviderClient290,DataSnapProviderClient290.bpl_bak,backup,46056
ZipMasterR23.zip,DataSnapServer250,DataSnapServer250.bpl,active,1287536
ZipMasterR23.zip,DataSnapServer250,DataSnapServer250.bpl_bak,backup,1287536
ZipMasterR23.zip,DataSnapServer280,DataSnapServer280.bpl,active,1164704
ZipMasterR23.zip,DataSnapServer280,DataSnapServer280.bpl_bak,backup,1164704
ZipMasterR23.zip,DataSnapServer290,DataSnapServer290.bpl,active,1173480
ZipMasterR23.zip,DataSnapServer290,DataSnapServer290.bpl_bak,backup,1173480
ZipMasterR23.zip,DBDateTimePickerPack_XE6,DBDateTimePickerPack_XE6.bpl,active,37376
ZipMasterR23.zip,DBDateTimePickerPack_XE10,DBDateTimePickerPack_XE10.bpl,active,38912
ZipMasterR23.zip,DBDateTimePickerPack_XE10,DBDateTimePickerPack_XE10.bpl_bak,backup,38912
ZipMasterR23.zip,dbexpress70,dbexpress70.bpl,active,131584
ZipMasterR23.zip,dbexpress200,dbexpress200.bpl,active,326008
ZipMasterR23.zip,dbexpress250,dbexpress250.bpl,active,313712
ZipMasterR23.zip,dbexpress250,dbexpress250.bpl_bak,backup,313712
ZipMasterR23.zip,dbexpress280,dbexpress280.bpl,active,316832
ZipMasterR23.zip,dbexpress280,dbexpress280.bpl_bak,backup,316832
ZipMasterR23.zip,dbexpress290,dbexpress290.bpl,active,321512
ZipMasterR23.zip,dbexpress290,dbexpress290.bpl_bak,backup,321512
ZipMasterR23.zip,dbinsppkgd7,dbinsppkgd7.bpl,active,82432
ZipMasterR23.zip,dbrtl70,dbrtl70.bpl,active,258560
ZipMasterR23.zip,dbrtl200,dbrtl200.bpl,active,654200
ZipMasterR23.zip,dbrtl250,dbrtl250.bpl,active,678256
ZipMasterR23.zip,dbrtl250,dbrtl250.bpl_bak,backup,678256
ZipMasterR23.zip,dbrtl280,dbrtl280.bpl,active,711072
ZipMasterR23.zip,dbrtl280,dbrtl280.bpl_bak,backup,711072
ZipMasterR23.zip,dbrtl290,dbrtl290.bpl,active,722408
ZipMasterR23.zip,dbrtl290,dbrtl290.bpl_bak,backup,722408
ZipMasterR23.zip,dbxcds280,dbxcds280.bpl,active,85920
ZipMasterR23.zip,dbxcds280,dbxcds280.bpl_bak,backup,85920
ZipMasterR23.zip,dbxcds290,dbxcds290.bpl,active,88040
ZipMasterR23.zip,dbxcds290,dbxcds290.bpl_bak,backup,88040
ZipMasterR23.zip,DBXClientDriver200,DBXClientDriver200.bpl,active,499576
ZipMasterR23.zip,DBXClientDriver250,DBXClientDriver250.bpl,active,507248
ZipMasterR23.zip,DBXClientDriver250,DBXClientDriver250.bpl_bak,backup,507248
ZipMasterR23.zip,DBXClientDriver280,DBXClientDriver280.bpl,active,439200
ZipMasterR23.zip,DBXClientDriver280,DBXClientDriver280.bpl_bak,backup,439200
ZipMasterR23.zip,DBXClientDriver290,DBXClientDriver290.bpl,active,441832
ZipMasterR23.zip,DBXClientDriver290,DBXClientDriver290.bpl_bak,backup,441832
ZipMasterR23.zip,DBXCommonDriver200,DBXCommonDriver200.bpl,active,2372472
ZipMasterR23.zip,DbxCommonDriver250,DbxCommonDriver250.bpl,active,2302320
ZipMasterR23.zip,DbxCommonDriver250,DbxCommonDriver250.bpl_bak,backup,2302320
ZipMasterR23.zip,DBXCommonDriver280,DBXCommonDriver280.bpl,active,1974688
ZipMasterR23.zip,DBXCommonDriver280,DBXCommonDriver280.bpl_bak,backup,1974688
ZipMasterR23.zip,DBXCommonDriver290,DBXCommonDriver290.bpl,active,1961960
ZipMasterR23.zip,DBXCommonDriver290,DBXCommonDriver290.bpl_bak,backup,1961960
ZipMasterR23.zip,DCLSer70,DCLSer70.bpl,active,26624
ZipMasterR23.zip,dclusr70,dclusr70.bpl,active,7680
ZipMasterR23.zip,ddmMid10,ddmMid10.bpl,active,4603904
ZipMasterR23.zip,ddmMid10_XE6,ddmMid10_XE6.bpl,active,116224
ZipMasterR23.zip,ddmMid10_XE10,ddmMid10_XE10.bpl,active,140800
ZipMasterR23.zip,ddmMid10_XE10,ddmMid10_XE10.bpl_bak,backup,140800
ZipMasterR23.zip,designide70,designide70.bpl,active,625664
ZipMasterR23.zip,designide200,designide200.bpl,active,1603448
ZipMasterR23.zip,designide250,designide250.bpl,active,2008432
ZipMasterR23.zip,designide250,designide250.bpl_bak,backup,2008432
ZipMasterR23.zip,designide280,designide280.bpl,active,2004896
ZipMasterR23.zip,designide280,designide280.bpl_bak,backup,2004896
ZipMasterR23.zip,designide290,designide290.bpl,active,2114536
ZipMasterR23.zip,designide290,designide290.bpl_bak,backup,2114536
ZipMasterR23.zip,designideresources280,designideresources280.bpl,active,7617952
ZipMasterR23.zip,designideresources280,designideresources280.bpl_bak,backup,7617952
ZipMasterR23.zip,designideresources290,designideresources290.bpl,active,7752680
ZipMasterR23.zip,designideresources290,designideresources290.bpl_bak,backup,7752680
ZipMasterR23.zip,DevicePackage,DevicePackage.bpl,active,173568
ZipMasterR23.zip,DevicePackage,DevicePackage.bpl_bak,backup,173568
ZipMasterR23.zip,dipstudiowin280,dipstudiowin280.bpl,active,432640
ZipMasterR23.zip,dipstudiowin280,dipstudiowin280.bpl_bak,backup,432640
ZipMasterR23.zip,dipstudiowindataset280,dipstudiowindataset280.bpl,active,38400
ZipMasterR23.zip,dipstudiowindataset280,dipstudiowindataset280.bpl_bak,backup,38400
ZipMasterR23.zip,DsgnCPortDXE,DsgnCPortDXE.bpl,active,151552
ZipMasterR23.zip,DsgnCPortDXE,DsgnCPortDXE.bpl_bak,backup,151552
ZipMasterR23.zip,dsnap70,dsnap70.bpl,active,209408
ZipMasterR23.zip,dsnap200,dsnap200.bpl,active,416120
ZipMasterR23.zip,dsnap250,dsnap250.bpl,active,410480
ZipMasterR23.zip,dsnap250,dsnap250.bpl_bak,backup,410480
ZipMasterR23.zip,dsnap280,dsnap280.bpl,active,417696
ZipMasterR23.zip,dsnap280,dsnap280.bpl_bak,backup,417696
ZipMasterR23.zip,dsnap290,dsnap290.bpl,active,423912
ZipMasterR23.zip,dsnap290,dsnap290.bpl_bak,backup,423912
ZipMasterR23.zip,dsnapcon70,dsnapcon70.bpl,active,101888
ZipMasterR23.zip,dsnapcon200,dsnapcon200.bpl,active,135544
ZipMasterR23.zip,dsnapcon250,dsnapcon250.bpl,active,136560
ZipMasterR23.zip,dsnapcon250,dsnapcon250.bpl_bak,backup,136560
ZipMasterR23.zip,dsnapcon280,dsnapcon280.bpl,active,137632
ZipMasterR23.zip,dsnapcon280,dsnapcon280.bpl_bak,backup,137632
ZipMasterR23.zip,dsnapcon290,dsnapcon290.bpl,active,139240
ZipMasterR23.zip,dsnapcon290,dsnapcon290.bpl_bak,backup,139240
ZipMasterR23.zip,dxBarExtItemsRS25,dxBarExtItemsRS25.bpl,active,241664
ZipMasterR23.zip,dxBarExtItemsRS25,dxBarExtItemsRS25.bpl_bak,backup,241664
ZipMasterR23.zip,dxBarRS25,dxBarRS25.bpl,active,1806848
ZipMasterR23.zip,dxBarRS25,dxBarRS25.bpl_bak,backup,1806848
ZipMasterR23.zip,dxComnRS25,dxComnRS25.bpl,active,56832
ZipMasterR23.zip,dxComnRS25,dxComnRS25.bpl_bak,backup,56832
ZipMasterR23.zip,dxCoreRS25,dxCoreRS25.bpl,active,1500160
ZipMasterR23.zip,dxCoreRS25,dxCoreRS25.bpl_bak,backup,1500160
ZipMasterR23.zip,dxGDIPlusRS25,dxGDIPlusRS25.bpl,active,339456
ZipMasterR23.zip,dxGDIPlusRS25,dxGDIPlusRS25.bpl_bak,backup,339456
ZipMasterR23.zip,dxLayoutControlRS25,dxLayoutControlRS25.bpl,active,985600
ZipMasterR23.zip,dxLayoutControlRS25,dxLayoutControlRS25.bpl_bak,backup,985600
ZipMasterR23.zip,dxOfficeCoreRS25,dxOfficeCoreRS25.bpl,active,762880
ZipMasterR23.zip,dxOfficeCoreRS25,dxOfficeCoreRS25.bpl_bak,backup,762880
ZipMasterR23.zip,dxRibbonRS25,dxRibbonRS25.bpl,active,2514432
ZipMasterR23.zip,dxRibbonRS25,dxRibbonRS25.bpl_bak,backup,2514432
ZipMasterR23.zip,dxSkinsCoreRS25,dxSkinsCoreRS25.bpl,active,768512
ZipMasterR23.zip,dxSkinsCoreRS25,dxSkinsCoreRS25.bpl_bak,backup,768512
ZipMasterR23.zip,dxSpreadSheetCoreDialogsRS25,dxSpreadSheetCoreDialogsRS25.bpl,active,370688
ZipMasterR23.zip,dxSpreadSheetCoreDialogsRS25,dxSpreadSheetCoreDialogsRS25.bpl_bak,backup,370688
ZipMasterR23.zip,dxSpreadSheetCoreRS25,dxSpreadSheetCoreRS25.bpl,active,2003456
ZipMasterR23.zip,dxSpreadSheetCoreRS25,dxSpreadSheetCoreRS25.bpl_bak,backup,2003456
ZipMasterR23.zip,dxSpreadSheetRS25,dxSpreadSheetRS25.bpl,active,5949952
ZipMasterR23.zip,dxSpreadSheetRS25,dxSpreadSheetRS25.bpl_bak,backup,5949952
ZipMasterR23.zip,dxThemeRS25,dxThemeRS25.bpl,active,45056
ZipMasterR23.zip,dxThemeRS25,dxThemeRS25.bpl_bak,backup,45056
ZipMasterR23.zip,dxTileControlRS25,dxTileControlRS25.bpl,active,587776
ZipMasterR23.zip,dxTileControlRS25,dxTileControlRS25.bpl_bak,backup,587776
ZipMasterR23.zip,elpackD7,elpackD7.BPL,active,577024
ZipMasterR23.zip,ESDBGrid60,ESDBGrid60.bpl,active,136192
ZipMasterR23.zip,FixedAssetPackage,FixedAssetPackage.bpl,active,249344
ZipMasterR23.zip,FixedAssetPackage,FixedAssetPackage.bpl_bak,backup,249344
ZipMasterR23.zip,FloatingWindow_XE6,FloatingWindow_XE6.bpl,active,47104
ZipMasterR23.zip,frControlsLibrary29,frControlsLibrary29.bpl,active,367104
ZipMasterR23.zip,frControlsLibrary29,frControlsLibrary29.bpl_bak,backup,367104
ZipMasterR23.zip,frCoreLibrary29,frCoreLibrary29.bpl,active,238080
ZipMasterR23.zip,frCoreLibrary29,frCoreLibrary29.bpl_bak,backup,238080
ZipMasterR23.zip,frDataLibrary29,frDataLibrary29.bpl,active,10240
ZipMasterR23.zip,frDataLibrary29,frDataLibrary29.bpl_bak,backup,10240
ZipMasterR23.zip,frGraphicsLibrary29,frGraphicsLibrary29.bpl,active,858624
ZipMasterR23.zip,frGraphicsLibrary29,frGraphicsLibrary29.bpl_bak,backup,858624
ZipMasterR23.zip,frLocalizationLibrary29,frLocalizationLibrary29.bpl,active,272896
ZipMasterR23.zip,frLocalizationLibrary29,frLocalizationLibrary29.bpl_bak,backup,272896
ZipMasterR23.zip,frx25,frx25.bpl,active,3638272
ZipMasterR23.zip,frx25,frx25.bpl_bak,backup,3638272
ZipMasterR23.zip,frx28,frx28.bpl,active,4326400
ZipMasterR23.zip,frx28,frx28.bpl_bak,backup,4326400
ZipMasterR23.zip,frx29,frx29.bpl,active,4075520
ZipMasterR23.zip,frx29,frx29.bpl_bak,backup,4075520
ZipMasterR23.zip,frxDB25,frxDB25.bpl,active,155136
ZipMasterR23.zip,frxDB25,frxDB25.bpl_bak,backup,155136
ZipMasterR23.zip,frxDB28,frxDB28.bpl,active,160768
ZipMasterR23.zip,frxDB28,frxDB28.bpl_bak,backup,160768
ZipMasterR23.zip,frxDB29,frxDB29.bpl,active,180736
ZipMasterR23.zip,frxDB29,frxDB29.bpl_bak,backup,180736
ZipMasterR23.zip,frxe25,frxe25.bpl,active,1416192
ZipMasterR23.zip,frxe25,frxe25.bpl_bak,backup,1416192
ZipMasterR23.zip,frxe28,frxe28.bpl,active,1599488
ZipMasterR23.zip,frxe28,frxe28.bpl_bak,backup,1599488
ZipMasterR23.zip,frxe29,frxe29.bpl,active,1590784
ZipMasterR23.zip,frxe29,frxe29.bpl_bak,backup,1590784
ZipMasterR23.zip,frxSM29,frxSM29.bpl,active,67584
ZipMasterR23.zip,frxSM29,frxSM29.bpl_bak,backup,67584
ZipMasterR23.zip,fs25,fs25.bpl,active,492032
ZipMasterR23.zip,fs25,fs25.bpl_bak,backup,492032
ZipMasterR23.zip,fs28,fs28.bpl,active,495616
ZipMasterR23.zip,fs28,fs28.bpl_bak,backup,495616
ZipMasterR23.zip,fs29,fs29.bpl,active,466432
ZipMasterR23.zip,fs29,fs29.bpl_bak,backup,466432
ZipMasterR23.zip,fsDB25,fsDB25.bpl,active,62464
ZipMasterR23.zip,fsDB25,fsDB25.bpl_bak,backup,62464
ZipMasterR23.zip,fsDB28,fsDB28.bpl,active,64000
ZipMasterR23.zip,fsDB28,fsDB28.bpl_bak,backup,64000
ZipMasterR23.zip,fsDB29,fsDB29.bpl,active,65024
ZipMasterR23.zip,fsDB29,fsDB29.bpl_bak,backup,65024
ZipMasterR23.zip,GridPackd7,GridPackd7.bpl,active,770560
ZipMasterR23.zip,indy70,indy70.bpl,active,1013248
ZipMasterR23.zip,IndyCore70,IndyCore70.bpl,active,299008
ZipMasterR23.zip,IndyCore200,IndyCore200.bpl,active,404480
ZipMasterR23.zip,IndyCore250,IndyCore250.bpl,active,408064
ZipMasterR23.zip,IndyCore250,IndyCore250.bpl_bak,backup,408064
ZipMasterR23.zip,IndyCore280,IndyCore280.bpl,active,409600
ZipMasterR23.zip,IndyCore280,IndyCore280.bpl_bak,backup,409600
ZipMasterR23.zip,IndyCore290,IndyCore290.bpl,active,419304
ZipMasterR23.zip,IndyCore290,IndyCore290.bpl_bak,backup,419304
ZipMasterR23.zip,IndyIPClient200,IndyIPClient200.bpl,active,67960
ZipMasterR23.zip,IndyIPClient250,IndyIPClient250.bpl,active,68464
ZipMasterR23.zip,IndyIPClient250,IndyIPClient250.bpl_bak,backup,68464
ZipMasterR23.zip,IndyIPClient280,IndyIPClient280.bpl,active,69024
ZipMasterR23.zip,IndyIPClient280,IndyIPClient280.bpl_bak,backup,69024
ZipMasterR23.zip,IndyIPClient290,IndyIPClient290.bpl,active,71144
ZipMasterR23.zip,IndyIPClient290,IndyIPClient290.bpl_bak,backup,71144
ZipMasterR23.zip,IndyIPCommon200,IndyIPCommon200.bpl,active,65912
ZipMasterR23.zip,IndyIPCommon250,IndyIPCommon250.bpl,active,68976
ZipMasterR23.zip,IndyIPCommon250,IndyIPCommon250.bpl_bak,backup,68976
ZipMasterR23.zip,IndyIPCommon280,IndyIPCommon280.bpl,active,70560
ZipMasterR23.zip,IndyIPCommon280,IndyIPCommon280.bpl_bak,backup,70560
ZipMasterR23.zip,IndyIPCommon290,IndyIPCommon290.bpl,active,72680
ZipMasterR23.zip,IndyIPCommon290,IndyIPCommon290.bpl_bak,backup,72680
ZipMasterR23.zip,IndyIPServer280,IndyIPServer280.bpl,active,106912
ZipMasterR23.zip,IndyIPServer280,IndyIPServer280.bpl_bak,backup,106912
ZipMasterR23.zip,IndyIPServer290,IndyIPServer290.bpl,active,109032
ZipMasterR23.zip,IndyIPServer290,IndyIPServer290.bpl_bak,backup,107424
ZipMasterR23.zip,IndyProtocols70,IndyProtocols70.bpl,active,1777664
ZipMasterR23.zip,IndyProtocols200,IndyProtocols200.bpl,active,2562048
ZipMasterR23.zip,IndyProtocols250,IndyProtocols250.bpl,active,2647552
ZipMasterR23.zip,IndyProtocols250,IndyProtocols250.bpl_bak,backup,2647552
ZipMasterR23.zip,IndyProtocols280,IndyProtocols280.bpl,active,2686976
ZipMasterR23.zip,IndyProtocols280,IndyProtocols280.bpl_bak,backup,2686976
ZipMasterR23.zip,IndyProtocols290,IndyProtocols290.bpl,active,2702312
ZipMasterR23.zip,IndyProtocols290,IndyProtocols290.bpl_bak,backup,2702312
ZipMasterR23.zip,IndySystem70,IndySystem70.bpl,active,133120
ZipMasterR23.zip,IndySystem200,IndySystem200.bpl,active,318976
ZipMasterR23.zip,IndySystem250,IndySystem250.bpl,active,316928
ZipMasterR23.zip,IndySystem250,IndySystem250.bpl_bak,backup,316928
ZipMasterR23.zip,IndySystem280,IndySystem280.bpl,active,318464
ZipMasterR23.zip,IndySystem280,IndySystem280.bpl_bak,backup,318464
ZipMasterR23.zip,IndySystem290,IndySystem290.bpl,active,328680
ZipMasterR23.zip,IndySystem290,IndySystem290.bpl_bak,backup,328680
ZipMasterR23.zip,inet70,inet70.bpl,active,111616
ZipMasterR23.zip,inet200,inet200.bpl,active,325496
ZipMasterR23.zip,inet250,inet250.bpl,active,299376
ZipMasterR23.zip,inet250,inet250.bpl_bak,backup,299376
ZipMasterR23.zip,inet280,inet280.bpl,active,279968
ZipMasterR23.zip,inet280,inet280.bpl_bak,backup,279968
ZipMasterR23.zip,inet290,inet290.bpl,active,323560
ZipMasterR23.zip,inet290,inet290.bpl_bak,backup,323560
ZipMasterR23.zip,inetdb70,inetdb70.bpl,active,37888
ZipMasterR23.zip,inetdb200,inetdb200.bpl,active,56696
ZipMasterR23.zip,inetdb250,inetdb250.bpl,active,58736
ZipMasterR23.zip,inetdb250,inetdb250.bpl_bak,backup,58736
ZipMasterR23.zip,inetdb280,inetdb280.bpl,active,58784
ZipMasterR23.zip,inetdb280,inetdb280.bpl_bak,backup,58784
ZipMasterR23.zip,inetdb290,inetdb290.bpl,active,60904
ZipMasterR23.zip,inetdb290,inetdb290.bpl_bak,backup,60904
ZipMasterR23.zip,inetwinsockets,inetwinsockets.bpl,active,3054226
ZipMasterR23.zip,inetwinsockets,inetwinsockets.bpl_bak,backup,3054226
ZipMasterR23.zip,insppkgd7,insppkgd7.bpl,active,268800
ZipMasterR23.zip,InventoryPackage,InventoryPackage.bpl,active,963072
ZipMasterR23.zip,InventoryPackage,InventoryPackage.bpl_bak,backup,962048
ZipMasterR23.zip,ip4000clientvcl7,ip4000clientvcl7.bpl,active,52224
ZipMasterR23.zip,ip4000v7,ip4000v7.bpl,active,1393664
ZipMasterR23.zip,ipstudiowin200,ipstudiowin200.bpl,active,2134528
ZipMasterR23.zip,ipstudiowin250,ipstudiowin250.bpl,active,2139648
ZipMasterR23.zip,ipstudiowin250,ipstudiowin250.bpl_bak,backup,2139648
ZipMasterR23.zip,ipstudiowin280,ipstudiowin280.bpl,active,3034112
ZipMasterR23.zip,ipstudiowin280,ipstudiowin280.bpl_bak,backup,3034112
ZipMasterR23.zip,ipstudiowin290,ipstudiowin290.bpl,active,12142080
ZipMasterR23.zip,ipstudiowin290,ipstudiowin290.bpl_bak,backup,12142080
ZipMasterR23.zip,ipstudiowinclient280,ipstudiowinclient280.bpl,active,67584
ZipMasterR23.zip,ipstudiowinclient280,ipstudiowinclient280.bpl_bak,backup,67584
ZipMasterR23.zip,ipstudiowindataset280,ipstudiowindataset280.bpl,active,163840
ZipMasterR23.zip,ipstudiowindataset280,ipstudiowindataset280.bpl_bak,backup,163840
ZipMasterR23.zip,ipstudiowinWordxp280,ipstudiowinWordxp280.bpl,active,52736
ZipMasterR23.zip,ipstudiowinWordxp280,ipstudiowinWordxp280.bpl_bak,backup,52736
ZipMasterR23.zip,Jcl70,Jcl70.bpl,active,2228736
ZipMasterR23.zip,Jcl200,Jcl200.bpl,active,3766272
ZipMasterR23.zip,Jcl250,Jcl250.bpl,active,3042816
ZipMasterR23.zip,Jcl250,Jcl250.bpl_bak,backup,3042816
ZipMasterR23.zip,JclVcl70,JclVcl70.bpl,active,152576
ZipMasterR23.zip,JclVcl200,JclVcl200.bpl,active,253440
ZipMasterR23.zip,JclVcl250,JclVcl250.bpl,active,248832
ZipMasterR23.zip,JclVcl250,JclVcl250.bpl_bak,backup,248832
ZipMasterR23.zip,JobPackage,JobPackage.bpl,active,269824
ZipMasterR23.zip,JobPackage,JobPackage.bpl_bak,backup,269824
ZipMasterR23.zip,JvControls200,JvControls200.bpl,active,1085952
ZipMasterR23.zip,JvControls250,JvControls250.bpl,active,1100288
ZipMasterR23.zip,JvControls250,JvControls250.bpl_bak,backup,1100288
ZipMasterR23.zip,JvCore200,JvCore200.bpl,active,2181632
ZipMasterR23.zip,JvCore250,JvCore250.bpl,active,2186752
ZipMasterR23.zip,JvCore250,JvCore250.bpl_bak,backup,2186752
ZipMasterR23.zip,JvCoreD7D,JvCoreD7D.bpl,active,322048
ZipMasterR23.zip,JvCoreD7R,JvCoreD7R.bpl,active,1631744
ZipMasterR23.zip,JvCtrlsD7R,JvCtrlsD7R.bpl,active,784896
ZipMasterR23.zip,JvCustom200,JvCustom200.bpl,active,1287168
ZipMasterR23.zip,JvCustom250,JvCustom250.bpl,active,1299456
ZipMasterR23.zip,JvCustom250,JvCustom250.bpl_bak,backup,1299456
ZipMasterR23.zip,JvCustomD7R,JvCustomD7R.bpl,active,955392
ZipMasterR23.zip,JvDB200,JvDB200.bpl,active,1701888
ZipMasterR23.zip,JvDB250,JvDB250.bpl,active,1714688
ZipMasterR23.zip,JvDB250,JvDB250.bpl_bak,backup,1714688
ZipMasterR23.zip,JvDlgs200,JvDlgs200.bpl,active,633344
ZipMasterR23.zip,JvDlgs250,JvDlgs250.bpl,active,635904
ZipMasterR23.zip,JvDlgs250,JvDlgs250.bpl_bak,backup,635904
ZipMasterR23.zip,JvDlgsD7R,JvDlgsD7R.bpl,active,448000
ZipMasterR23.zip,JvMM200,JvMM200.bpl,active,779776
ZipMasterR23.zip,JvMM250,JvMM250.bpl,active,778752
ZipMasterR23.zip,JvMM250,JvMM250.bpl_bak,backup,778752
ZipMasterR23.zip,JvNet200,JvNet200.bpl,active,397312
ZipMasterR23.zip,JvNet250,JvNet250.bpl,active,395776
ZipMasterR23.zip,JvNet250,JvNet250.bpl_bak,backup,395776
ZipMasterR23.zip,JvNetD7D,JvNetD7D.bpl,active,80896
ZipMasterR23.zip,JvNetD7R,JvNetD7R.bpl,active,168960
ZipMasterR23.zip,JvStdCtrls200,JvStdCtrls200.bpl,active,1827840
ZipMasterR23.zip,JvStdCtrls250,JvStdCtrls250.bpl,active,1842688
ZipMasterR23.zip,JvStdCtrls250,JvStdCtrls250.bpl_bak,backup,1842688
ZipMasterR23.zip,JvStdCtrlsD7R,JvStdCtrlsD7R.bpl,active,1297408
ZipMasterR23.zip,JvSystem200,JvSystem200.bpl,active,871424
ZipMasterR23.zip,JvSystem250,JvSystem250.bpl,active,872448
ZipMasterR23.zip,JvSystem250,JvSystem250.bpl_bak,backup,872448
ZipMasterR23.zip,JvSystemD7R,JvSystemD7R.bpl,active,513536
ZipMasterR23.zip,lmdrtelcore200,lmdrtelcore200.bpl,active,3731456
ZipMasterR23.zip,lmdrtl200,lmdrtl200.bpl,active,695808
ZipMasterR23.zip,lmdrtrtlx200,lmdrtrtlx200.bpl,active,1102848
ZipMasterR23.zip,mxFlatPack_D7,mxFlatPack_D7.bpl,active,251904
ZipMasterR23.zip,mxFlatPack_XE6,mxFlatPack_XE6.bpl,active,328704
ZipMasterR23.zip,mxFlatPack_XE10,mxFlatPack_XE10.bpl,active,332800
ZipMasterR23.zip,mxFlatPack_XE10,mxFlatPack_XE10.bpl_bak,backup,332800
ZipMasterR23.zip,NomenclaturesPackage,NomenclaturesPackage.bpl,active,1941504
ZipMasterR23.zip,NomenclaturesPackage,NomenclaturesPackage.bpl_bak,backup,1939456
ZipMasterR23.zip,ProductionPackage,ProductionPackage.bpl,active,465920
ZipMasterR23.zip,ProductionPackage,ProductionPackage.bpl_bak,backup,465920
ZipMasterR23.zip,ProviderExPack,ProviderExPack.bpl,active,27648
ZipMasterR23.zip,PurchasePackage,PurchasePackage.bpl,active,1686528
ZipMasterR23.zip,PurchasePackage,PurchasePackage.bpl_bak,backup,1686016
ZipMasterR23.zip,qrpt70,qrpt70.bpl,active,522752
ZipMasterR23.zip,Rave50VCLBE70,Rave50VCLBE70.bpl,active,892928
ZipMasterR23.zip,Rave110VCL200,Rave110VCL200.bpl,active,1587712
ZipMasterR23.zip,Rave110VCL250,Rave110VCL250.bpl,active,1491456
ZipMasterR23.zip,Rave110VCL250,Rave110VCL250.bpl_bak,backup,1491456
ZipMasterR23.zip,Rave220VCL280-32,Rave220VCL280-32.bpl,active,1560576
ZipMasterR23.zip,Rave220VCL280-32,Rave220VCL280-32.bpl_bak,backup,1560576
ZipMasterR23.zip,Rave240VCL290-32,Rave240VCL290-32.bpl,active,1561600
ZipMasterR23.zip,Rave240VCL290-32,Rave240VCL290-32.bpl_bak,backup,1561600
ZipMasterR23.zip,rdmMid10,rdmMid10.bpl,active,17920
ZipMasterR23.zip,rdmMid10_XE6,rdmMid10_XE6.bpl,active,25600
ZipMasterR23.zip,rdmMid10_XE10,rdmMid10_XE10.bpl,active,28160
ZipMasterR23.zip,rdmMid10_XE10,rdmMid10_XE10.bpl_bak,backup,28160
ZipMasterR23.zip,ReservPackage,ReservPackage.bpl,active,6656
ZipMasterR23.zip,RESTComponents200,RESTComponents200.bpl,active,1017720
ZipMasterR23.zip,RESTComponents200,RESTComponents200.bpl_bak,backup,1017720
ZipMasterR23.zip,RESTComponents250,RESTComponents250.bpl,active,1039216
ZipMasterR23.zip,RESTComponents250,RESTComponents250.bpl_bak,backup,1039216
ZipMasterR23.zip,RESTComponents280,RESTComponents280.bpl,active,941472
ZipMasterR23.zip,RESTComponents280,RESTComponents280.bpl_bak,backup,941472
ZipMasterR23.zip,RESTComponents290,RESTComponents290.bpl,active,983016
ZipMasterR23.zip,RESTComponents290,RESTComponents290.bpl_bak,backup,983016
ZipMasterR23.zip,rtl70,rtl70.bpl,active,783360
ZipMasterR23.zip,rtl200,rtl200.bpl,active,4597624
ZipMasterR23.zip,rtl250,rtl250.bpl,active,10802032
ZipMasterR23.zip,rtl250,rtl250.bpl_bak,backup,10802032
ZipMasterR23.zip,rtl280 - Copy,rtl280 - Copy.bpl,active,12880288
ZipMasterR23.zip,rtl280,rtl280.bpl,active,13152672
ZipMasterR23.zip,rtl280,rtl280.bpl_bak,backup,13152672
ZipMasterR23.zip,rtl290,rtl290.bpl,active,12747752
ZipMasterR23.zip,rtl290,rtl290.bpl_bak,backup,12747752
ZipMasterR23.zip,SalesPackage,SalesPackage.bpl,active,3278848
ZipMasterR23.zip,SalesPackage,SalesPackage.bpl_bak,backup,3273216
ZipMasterR23.zip,ServicePackage,ServicePackage.bpl,active,1173504
ZipMasterR23.zip,ServicePackage,ServicePackage.bpl_bak,backup,1172480
ZipMasterR23.zip,soaprtl70,soaprtl70.bpl,active,528384
ZipMasterR23.zip,soaprtl200,soaprtl200.bpl,active,775544
ZipMasterR23.zip,soaprtl250,soaprtl250.bpl,active,846192
ZipMasterR23.zip,soaprtl250,soaprtl250.bpl_bak,backup,846192
ZipMasterR23.zip,soaprtl280,soaprtl280.bpl,active,802208
ZipMasterR23.zip,soaprtl280,soaprtl280.bpl_bak,backup,802208
ZipMasterR23.zip,soaprtl290,soaprtl290.bpl,active,804840
ZipMasterR23.zip,soaprtl290,soaprtl290.bpl_bak,backup,804840
ZipMasterR23.zip,StyleControls_d11Alexandria,StyleControls_d11Alexandria.bpl,active,4762624
ZipMasterR23.zip,StyleControls_d11Alexandria,StyleControls_d11Alexandria.bpl_bak,backup,13204278
ZipMasterR23.zip,StyleControls_d12Athens,StyleControls_d12Athens.bpl,active,13942001
ZipMasterR23.zip,StyleControls_d12Athens,StyleControls_d12Athens.bpl_bak,backup,4940288
ZipMasterR23.zip,StyleControls_dxe102Tokyo,StyleControls_dxe102Tokyo.bpl,active,4718080
ZipMasterR23.zip,tee70,tee70.bpl,active,371712
ZipMasterR23.zip,Tee9200,Tee9200.bpl,active,1903616
ZipMasterR23.zip,TMSD7,TMSD7.bpl,active,8682496
ZipMasterR23.zip,tmsded7,tmsded7.bpl,active,789504
ZipMasterR23.zip,tmsdedXE10,tmsdedXE10.bpl,active,1717760
ZipMasterR23.zip,tmsdedXE10,tmsdedXE10.bpl_bak,backup,1717760
ZipMasterR23.zip,tmsdXE6,tmsdXE6.bpl,active,12752896
ZipMasterR23.zip,tmsdXE10,tmsdXE10.bpl,active,14115328
ZipMasterR23.zip,tmsdXE10,tmsdXE10.bpl_bak,backup,14115328
ZipMasterR23.zip,tmsexd7,tmsexd7.bpl,active,200192
ZipMasterR23.zip,tmsexdXE6,tmsexdXE6.bpl,active,5358592
ZipMasterR23.zip,tmsexdXE6,tmsexdXE6.bpl_bak,backup,5358592
ZipMasterR23.zip,tmsexdXE10,tmsexdXE10.bpl,active,8637440
ZipMasterR23.zip,tmsexdXE10,tmsexdXE10.bpl_bak,backup,8637440
ZipMasterR23.zip,TMSVCLUIPackPkgDEDXE14,TMSVCLUIPackPkgDEDXE14.bpl,active,1811968
ZipMasterR23.zip,TMSVCLUIPackPkgDEDXE14,TMSVCLUIPackPkgDEDXE14.bpl_bak,backup,1811968
ZipMasterR23.zip,TMSVCLUIPackPkgDXE11,TMSVCLUIPackPkgDXE11.bpl,active,16891904
ZipMasterR23.zip,TMSVCLUIPackPkgDXE11,TMSVCLUIPackPkgDXE11.bpl_bak,backup,16891904
ZipMasterR23.zip,TMSVCLUIPackPkgDXE14,TMSVCLUIPackPkgDXE14.bpl,active,17297408
ZipMasterR23.zip,TMSVCLUIPackPkgDXE14,TMSVCLUIPackPkgDXE14.bpl_bak,backup,17297408
ZipMasterR23.zip,TMSVCLUIPackPkgDXE15,TMSVCLUIPackPkgDXE15.bpl,active,17774080
ZipMasterR23.zip,TMSVCLUIPackPkgDXE15,TMSVCLUIPackPkgDXE15.bpl_bak,backup,17774080
ZipMasterR23.zip,TMSVCLUIPackPkgExDXE11,TMSVCLUIPackPkgExDXE11.bpl,active,9806848
ZipMasterR23.zip,TMSVCLUIPackPkgExDXE11,TMSVCLUIPackPkgExDXE11.bpl_bak,backup,9806848
ZipMasterR23.zip,TMSVCLUIPackPkgExDXE14,TMSVCLUIPackPkgExDXE14.bpl,active,10300928
ZipMasterR23.zip,TMSVCLUIPackPkgExDXE14,TMSVCLUIPackPkgExDXE14.bpl_bak,backup,10300928
ZipMasterR23.zip,TMSVCLUIPackPkgExDXE15,TMSVCLUIPackPkgExDXE15.bpl,active,10842624
ZipMasterR23.zip,TMSVCLUIPackPkgExDXE15,TMSVCLUIPackPkgExDXE15.bpl_bak,backup,10842624
ZipMasterR23.zip,TMSVCLUIPackPkgWizDXE14,TMSVCLUIPackPkgWizDXE14.bpl,active,1164800
ZipMasterR23.zip,TMSVCLUIPackPkgWizDXE14,TMSVCLUIPackPkgWizDXE14.bpl_bak,backup,1164800
ZipMasterR23.zip,TMSVCLUIPackPkgXlsDXE14,TMSVCLUIPackPkgXlsDXE14.bpl,active,929792
ZipMasterR23.zip,TMSVCLUIPackPkgXlsDXE14,TMSVCLUIPackPkgXlsDXE14.bpl_bak,backup,929792
ZipMasterR23.zip,tmswizd7,tmswizd7.bpl,active,32768
ZipMasterR23.zip,tmsxlsd7,tmsxlsd7.bpl,active,556544
ZipMasterR23.zip,TourPackage,TourPackage.bpl,active,461824
ZipMasterR23.zip,vcl70,vcl70.bpl,active,1383936
ZipMasterR23.zip,vcl200,vcl200.bpl,active,3839864
ZipMasterR23.zip,vcl250,vcl250.bpl,active,4046704
ZipMasterR23.zip,vcl250,vcl250.bpl_bak,backup,4046704
ZipMasterR23.zip,vcl280,vcl280.bpl,active,4260768
ZipMasterR23.zip,vcl280,vcl280.bpl_bak,backup,4260768
ZipMasterR23.zip,vcl290,vcl290.bpl,active,4429288
ZipMasterR23.zip,vcl290,vcl290.bpl_bak,backup,4429288
ZipMasterR23.zip,vclactnband70,vclactnband70.bpl,active,287744
ZipMasterR23.zip,vclactnband200,vclactnband200.bpl,active,457080
ZipMasterR23.zip,vclactnband250,vclactnband250.bpl,active,461680
ZipMasterR23.zip,vclactnband250,vclactnband250.bpl_bak,backup,461680
ZipMasterR23.zip,vclactnband280,vclactnband280.bpl,active,472992
ZipMasterR23.zip,vclactnband280,vclactnband280.bpl_bak,backup,472992
ZipMasterR23.zip,vclactnband290,vclactnband290.bpl,active,477160
ZipMasterR23.zip,vclactnband290,vclactnband290.bpl_bak,backup,477160
ZipMasterR23.zip,vcldb70,vcldb70.bpl,active,264704
ZipMasterR23.zip,vcldb200,vcldb200.bpl,active,397688
ZipMasterR23.zip,vcldb250,vcldb250.bpl,active,404336
ZipMasterR23.zip,vcldb250,vcldb250.bpl_bak,backup,404336
ZipMasterR23.zip,vcldb280,vcldb280.bpl,active,509344
ZipMasterR23.zip,vcldb280,vcldb280.bpl_bak,backup,509344
ZipMasterR23.zip,vcldb290,vcldb290.bpl,active,541160
ZipMasterR23.zip,vcldb290,vcldb290.bpl_bak,backup,541160
ZipMasterR23.zip,vcledge280,vcledge280.bpl,active,128928
ZipMasterR23.zip,vcledge280,vcledge280.bpl_bak,backup,128928
ZipMasterR23.zip,vcledge290,vcledge290.bpl,active,137704
ZipMasterR23.zip,vcledge290,vcledge290.bpl_bak,backup,137704
ZipMasterR23.zip,vclie70,vclie70.bpl,active,227328
ZipMasterR23.zip,vclie200,vclie200.bpl,active,1062776
ZipMasterR23.zip,vclie250,vclie250.bpl,active,1082224
ZipMasterR23.zip,vclie250,vclie250.bpl_bak,backup,1082224
ZipMasterR23.zip,vclie280,vclie280.bpl,active,1137056
ZipMasterR23.zip,vclie280,vclie280.bpl_bak,backup,1137056
ZipMasterR23.zip,vclie290,vclie290.bpl,active,1104872
ZipMasterR23.zip,vclie290,vclie290.bpl_bak,backup,1104872
ZipMasterR23.zip,vclimg200,vclimg200.bpl,active,354680
ZipMasterR23.zip,vclimg250,vclimg250.bpl,active,358768
ZipMasterR23.zip,vclimg250,vclimg250.bpl_bak,backup,358768
ZipMasterR23.zip,vclimg280,vclimg280.bpl,active,361888
ZipMasterR23.zip,vclimg280,vclimg280.bpl_bak,backup,361888
ZipMasterR23.zip,vclimg290,vclimg290.bpl,active,363496
ZipMasterR23.zip,vclimg290,vclimg290.bpl_bak,backup,363496
ZipMasterR23.zip,vcljpg70,vcljpg70.bpl,active,97792
ZipMasterR23.zip,VCLSer70,VCLSer70.bpl,active,294912
ZipMasterR23.zip,vclsmp70,vclsmp70.bpl,active,64512
ZipMasterR23.zip,vclsmp200,vclsmp200.bpl,active,95096
ZipMasterR23.zip,vclsmp250,vclsmp250.bpl,active,101232
ZipMasterR23.zip,vclsmp250,vclsmp250.bpl_bak,backup,101232
ZipMasterR23.zip,vclsmp280,vclsmp280.bpl,active,104352
ZipMasterR23.zip,vclsmp280,vclsmp280.bpl_bak,backup,104352
ZipMasterR23.zip,vclsmp290,vclsmp290.bpl,active,107496
ZipMasterR23.zip,vclsmp290,vclsmp290.bpl_bak,backup,107496
ZipMasterR23.zip,vclWinX280,vclWinX280.bpl,active,913824
ZipMasterR23.zip,vclWinX280,vclWinX280.bpl_bak,backup,913824
ZipMasterR23.zip,vclWinX290,vclWinX290.bpl,active,948712
ZipMasterR23.zip,vclWinX290,vclWinX290.bpl_bak,backup,948712
ZipMasterR23.zip,vclx70,vclx70.bpl,active,215040
ZipMasterR23.zip,vclx200,vclx200.bpl,active,269176
ZipMasterR23.zip,vclx250,vclx250.bpl,active,273776
ZipMasterR23.zip,vclx250,vclx250.bpl_bak,backup,273776
ZipMasterR23.zip,vclx280,vclx280.bpl,active,281504
ZipMasterR23.zip,vclx280,vclx280.bpl_bak,backup,281504
ZipMasterR23.zip,vclx290,vclx290.bpl,active,285672
ZipMasterR23.zip,vclx290,vclx290.bpl_bak,backup,285672
ZipMasterR23.zip,VehiclePackage,VehiclePackage.bpl,active,2182656
ZipMasterR23.zip,VehiclePackage,VehiclePackage.bpl_bak,backup,2150400
ZipMasterR23.zip,VirtualTreesD7,VirtualTreesD7.bpl,active,434688
ZipMasterR23.zip,VirtualTreesD7D,VirtualTreesD7D.bpl,active,40960
ZipMasterR23.zip,VirtualTreesR25,VirtualTreesR25.bpl,active,664576
ZipMasterR23.zip,VirtualTreesR25,VirtualTreesR25.bpl_bak,backup,664576
ZipMasterR23.zip,VirtualTreesR290,VirtualTreesR290.bpl,active,701952
ZipMasterR23.zip,VirtualTreesR290,VirtualTreesR290.bpl_bak,backup,701952
ZipMasterR23.zip,visualclx70,visualclx70.bpl,active,1289728
ZipMasterR23.zip,visualdbclx70,visualdbclx70.bpl,active,223744
ZipMasterR23.zip,webdsnap70,webdsnap70.bpl,active,268288
ZipMasterR23.zip,xmlrtl70,xmlrtl70.bpl,active,853504
ZipMasterR23.zip,xmlrtl200,xmlrtl200.bpl,active,2166136
ZipMasterR23.zip,xmlrtl250,xmlrtl250.bpl,active,2406256
ZipMasterR23.zip,xmlrtl250,xmlrtl250.bpl_bak,backup,2406256
ZipMasterR23.zip,xmlrtl280,xmlrtl280.bpl,active,2340768
ZipMasterR23.zip,xmlrtl280,xmlrtl280.bpl_bak,backup,2340768
ZipMasterR23.zip,xmlrtl290,xmlrtl290.bpl,active,2357224
ZipMasterR23.zip,xmlrtl290,xmlrtl290.bpl_bak,backup,2357224
ZipMasterR23.zip,ZipmasterD7,ZipmasterD7.bpl,active,180224
ZipMasterR23.zip,ZipMasterR20,ZipMasterR20.bpl,active,561152
ZipMasterR23.zip,ZipMasterR22,ZipMasterR22.bpl,active,563712
ZipMasterR23.zip,ZipMasterR22,ZipMasterR22.bpl_bak,backup,563712
ZipMasterR23.zip,ZipMasterR23,ZipMasterR23.bpl,active,560128
